[{"model": "admin.logentry", "pk": 1, "fields": {"action_time": "2026-05-18T07:55:27.731Z", "user": 2, "content_type": 4, "object_id": "1", "object_repr": "ob", "action_flag": 3, "change_message": ""}}, {"model": "admin.logentry", "pk": 2, "fields": {"action_time": "2026-05-18T10:12:56.055Z", "user": 2, "content_type": 9, "object_id": "1", "object_repr": "client_1", "action_flag": 1, "change_message": "[{\"added\": {}}]"}}, {"model": "admin.logentry", "pk": 3, "fields": {"action_time": "2026-05-18T10:14:06.488Z", "user": 2, "content_type": 8, "object_id": "1", "object_repr": "vendor_1", "action_flag": 1, "change_message": "[{\"added\": {}}]"}}, {"model": "admin.logentry", "pk": 4, "fields": {"action_time": "2026-05-18T10:15:06.927Z", "user": 2, "content_type": 8, "object_id": "1", "object_repr": "vendor_1", "action_flag": 2, "change_message": "[{\"changed\": {\"fields\": [\"Cpc\"]}}]"}}, {"model": "admin.logentry", "pk": 5, "fields": {"action_time": "2026-05-18T10:16:29.871Z", "user": 2, "content_type": 10, "object_id": "1", "object_repr": "Test Survey Project", "action_flag": 1, "change_message": "[{\"added\": {}}]"}}, {"model": "admin.logentry", "pk": 6, "fields": {"action_time": "2026-05-18T10:19:09.821Z", "user": 2, "content_type": 12, "object_id": "1", "object_repr": "Test Survey Project - vendor_1", "action_flag": 1, "change_message": "[{\"added\": {}}]"}}, {"model": "admin.logentry", "pk": 7, "fields": {"action_time": "2026-05-19T13:12:29.804Z", "user": 2, "content_type": 10, "object_id": "1", "object_repr": "Test Survey Project", "action_flag": 2, "change_message": "[{\"changed\": {\"fields\": [\"Test link\", \"Live link\"]}}]"}}, {"model": "admin.logentry", "pk": 8, "fields": {"action_time": "2026-05-19T13:12:43.014Z", "user": 2, "content_type": 9, "object_id": "1", "object_repr": "client_1", "action_flag": 2, "change_message": "[{\"changed\": {\"fields\": [\"Test link\", \"Live link\"]}}]"}}, {"model": "admin.logentry", "pk": 9, "fields": {"action_time": "2026-05-19T13:18:00.040Z", "user": 2, "content_type": 9, "object_id": "1", "object_repr": "client_1", "action_flag": 2, "change_message": "[]"}}, {"model": "admin.logentry", "pk": 10, "fields": {"action_time": "2026-05-19T13:20:37.513Z", "user": 2, "content_type": 7, "object_id": "3", "object_repr": "RID-50AA32A6ADBD", "action_flag": 3, "change_message": ""}}, {"model": "admin.logentry", "pk": 11, "fields": {"action_time": "2026-05-19T13:20:37.513Z", "user": 2, "content_type": 7, "object_id": "2", "object_repr": "RID-393078D3ADA6", "action_flag": 3, "change_message": ""}}, {"model": "admin.logentry", "pk": 12, "fields": {"action_time": "2026-05-19T13:20:37.513Z", "user": 2, "content_type": 7, "object_id": "1", "object_repr": "RID-DAE8DD5360AE", "action_flag": 3, "change_message": ""}}, {"model": "admin.logentry", "pk": 13, "fields": {"action_time": "2026-05-20T07:59:25.638Z", "user": 2, "content_type": 10, "object_id": "1", "object_repr": "Test Survey Project", "action_flag": 2, "change_message": "[]"}}, {"model": "admin.logentry", "pk": 14, "fields": {"action_time": "2026-05-20T07:59:39.375Z", "user": 2, "content_type": 9, "object_id": "1", "object_repr": "client_1", "action_flag": 2, "change_message": "[]"}}, {"model": "admin.logentry", "pk": 15, "fields": {"action_time": "2026-05-20T08:30:44.715Z", "user": 2, "content_type": 9, "object_id": "2", "object_repr": "client_2", "action_flag": 1, "change_message": "[{\"added\": {}}]"}}, {"model": "admin.logentry", "pk": 16, "fields": {"action_time": "2026-05-20T08:32:22.297Z", "user": 2, "content_type": 8, "object_id": "2", "object_repr": "vendor_2", "action_flag": 1, "change_message": "[{\"added\": {}}]"}}, {"model": "admin.logentry", "pk": 17, "fields": {"action_time": "2026-05-20T08:33:32.492Z", "user": 2, "content_type": 10, "object_id": "2", "object_repr": "project_2", "action_flag": 1, "change_message": "[{\"added\": {}}]"}}, {"model": "admin.logentry", "pk": 18, "fields": {"action_time": "2026-05-20T08:33:45.866Z", "user": 2, "content_type": 12, "object_id": "2", "object_repr": "project_2 - vendor_2", "action_flag": 1, "change_message": "[{\"added\": {}}]"}}, {"model": "admin.logentry", "pk": 19, "fields": {"action_time": "2026-05-20T09:44:55.918Z", "user": 2, "content_type": 9, "object_id": "2", "object_repr": "client_2", "action_flag": 2, "change_message": "[]"}}, {"model": "admin.logentry", "pk": 20, "fields": {"action_time": "2026-05-20T10:04:30.994Z", "user": 2, "content_type": 10, "object_id": "2", "object_repr": "project_2", "action_flag": 2, "change_message": "[{\"changed\": {\"fields\": [\"Live link\"]}}]"}}, {"model": "admin.logentry", "pk": 21, "fields": {"action_time": "2026-05-20T10:04:44.054Z", "user": 2, "content_type": 9, "object_id": "2", "object_repr": "client_2", "action_flag": 2, "change_message": "[{\"changed\": {\"fields\": [\"Test link\", \"Live link\"]}}]"}}, {"model": "admin.logentry", "pk": 22, "fields": {"action_time": "2026-05-20T10:10:59.630Z", "user": 2, "content_type": 9, "object_id": "2", "object_repr": "client_2", "action_flag": 2, "change_message": "[{\"changed\": {\"fields\": [\"Test link\", \"Live link\"]}}]"}}, {"model": "admin.logentry", "pk": 23, "fields": {"action_time": "2026-05-20T10:11:12.429Z", "user": 2, "content_type": 10, "object_id": "2", "object_repr": "project_2", "action_flag": 2, "change_message": "[{\"changed\": {\"fields\": [\"Live link\"]}}]"}}, {"model": "admin.logentry", "pk": 24, "fields": {"action_time": "2026-05-20T10:11:22.390Z", "user": 2, "content_type": 12, "object_id": "2", "object_repr": "project_2 - vendor_2", "action_flag": 2, "change_message": "[]"}}, {"model": "admin.logentry", "pk": 25, "fields": {"action_time": "2026-05-20T10:15:25.379Z", "user": 2, "content_type": 9, "object_id": "2", "object_repr": "client_2", "action_flag": 2, "change_message": "[]"}}, {"model": "admin.logentry", "pk": 26, "fields": {"action_time": "2026-05-20T10:15:38.066Z", "user": 2, "content_type": 10, "object_id": "2", "object_repr": "project_2", "action_flag": 2, "change_message": "[{\"changed\": {\"fields\": [\"Test link\", \"Live link\"]}}]"}}, {"model": "admin.logentry", "pk": 27, "fields": {"action_time": "2026-05-20T12:37:13.399Z", "user": 2, "content_type": 12, "object_id": "1", "object_repr": "Test Survey Project - vendor_1", "action_flag": 2, "change_message": "[{\"changed\": {\"fields\": [\"Target\"]}}]"}}, {"model": "admin.logentry", "pk": 28, "fields": {"action_time": "2026-05-20T12:37:29.795Z", "user": 2, "content_type": 12, "object_id": "1", "object_repr": "Test Survey Project - vendor_1", "action_flag": 2, "change_message": "[{\"changed\": {\"fields\": [\"Target\"]}}]"}}, {"model": "admin.logentry", "pk": 29, "fields": {"action_time": "2026-05-20T13:29:44.814Z", "user": 2, "content_type": 10, "object_id": "1", "object_repr": "Test Survey Project", "action_flag": 2, "change_message": "[{\"changed\": {\"fields\": [\"Target\"]}}]"}}, {"model": "admin.logentry", "pk": 30, "fields": {"action_time": "2026-05-20T13:30:03.578Z", "user": 2, "content_type": 12, "object_id": "1", "object_repr": "Test Survey Project - vendor_1", "action_flag": 2, "change_message": "[{\"changed\": {\"fields\": [\"Target\"]}}]"}}, {"model": "admin.logentry", "pk": 31, "fields": {"action_time": "2026-05-20T13:30:16.240Z", "user": 2, "content_type": 12, "object_id": "1", "object_repr": "Test Survey Project - vendor_1", "action_flag": 2, "change_message": "[{\"changed\": {\"fields\": [\"Target\"]}}]"}}, {"model": "admin.logentry", "pk": 32, "fields": {"action_time": "2026-05-20T13:30:32.975Z", "user": 2, "content_type": 10, "object_id": "1", "object_repr": "Test Survey Project", "action_flag": 2, "change_message": "[{\"changed\": {\"fields\": [\"Target\"]}}]"}}, {"model": "admin.logentry", "pk": 33, "fields": {"action_time": "2026-05-20T13:31:55.724Z", "user": 2, "content_type": 8, "object_id": "1", "object_repr": "vendor_1", "action_flag": 2, "change_message": "[{\"changed\": {\"fields\": [\"Terminate link\", \"Quota full link\", \"Security terminate link\"]}}]"}}, {"model": "admin.logentry", "pk": 34, "fields": {"action_time": "2026-05-20T13:32:27.019Z", "user": 2, "content_type": 12, "object_id": "1", "object_repr": "Test Survey Project - vendor_1", "action_flag": 2, "change_message": "[{\"changed\": {\"fields\": [\"Complete link\", \"Terminate link\", \"Quota full link\", \"Security terminate link\"]}}]"}}, {"model": "admin.logentry", "pk": 35, "fields": {"action_time": "2026-05-21T04:44:38.342Z", "user": 2, "content_type": 8, "object_id": "1", "object_repr": "vendor_1", "action_flag": 2, "change_message": "[{\"changed\": {\"fields\": [\"Complete link\"]}}]"}}, {"model": "admin.logentry", "pk": 36, "fields": {"action_time": "2026-05-21T04:45:26.512Z", "user": 2, "content_type": 10, "object_id": "1", "object_repr": "project_1", "action_flag": 2, "change_message": "[{\"changed\": {\"fields\": [\"Name\"]}}]"}}, {"model": "admin.logentry", "pk": 37, "fields": {"action_time": "2026-05-21T05:07:16.538Z", "user": 2, "content_type": 12, "object_id": "1", "object_repr": "project_1 - vendor_1", "action_flag": 2, "change_message": "[{\"changed\": {\"fields\": [\"Complete link\"]}}]"}}, {"model": "admin.logentry", "pk": 38, "fields": {"action_time": "2026-05-21T05:11:46.812Z", "user": 2, "content_type": 10, "object_id": "1", "object_repr": "project_1", "action_flag": 2, "change_message": "[]"}}, {"model": "admin.logentry", "pk": 39, "fields": {"action_time": "2026-05-21T05:18:49.158Z", "user": 2, "content_type": 12, "object_id": "1", "object_repr": "project_1 - vendor_1", "action_flag": 2, "change_message": "[{\"changed\": {\"fields\": [\"Complete link\"]}}]"}}, {"model": "admin.logentry", "pk": 40, "fields": {"action_time": "2026-05-21T05:19:43.143Z", "user": 2, "content_type": 8, "object_id": "1", "object_repr": "vendor_1", "action_flag": 2, "change_message": "[{\"changed\": {\"fields\": [\"Complete link\"]}}]"}}, {"model": "admin.logentry", "pk": 41, "fields": {"action_time": "2026-05-21T05:22:28.849Z", "user": 2, "content_type": 12, "object_id": "1", "object_repr": "project_1 - vendor_1", "action_flag": 2, "change_message": "[{\"changed\": {\"fields\": [\"Terminate link\", \"Quota full link\", \"Security terminate link\"]}}]"}}, {"model": "admin.logentry", "pk": 42, "fields": {"action_time": "2026-05-21T05:23:13.254Z", "user": 2, "content_type": 12, "object_id": "1", "object_repr": "project_1 - vendor_1", "action_flag": 2, "change_message": "[{\"changed\": {\"fields\": [\"Target\", \"Complete link\", \"Terminate link\", \"Quota full link\", \"Security terminate link\"]}}]"}}, {"model": "admin.logentry", "pk": 43, "fields": {"action_time": "2026-05-21T05:23:27.496Z", "user": 2, "content_type": 10, "object_id": "1", "object_repr": "project_1", "action_flag": 2, "change_message": "[{\"changed\": {\"fields\": [\"Target\"]}}]"}}, {"model": "admin.logentry", "pk": 44, "fields": {"action_time": "2026-05-21T05:23:36.375Z", "user": 2, "content_type": 8, "object_id": "1", "object_repr": "vendor_1", "action_flag": 2, "change_message": "[{\"changed\": {\"fields\": [\"Complete link\"]}}]"}}, {"model": "admin.logentry", "pk": 45, "fields": {"action_time": "2026-05-21T05:24:04.284Z", "user": 2, "content_type": 12, "object_id": "1", "object_repr": "project_1 - vendor_1", "action_flag": 2, "change_message": "[{\"changed\": {\"fields\": [\"Complete link\"]}}]"}}, {"model": "admin.logentry", "pk": 46, "fields": {"action_time": "2026-05-21T05:37:34.842Z", "user": 2, "content_type": 12, "object_id": "1", "object_repr": "project_1 - vendor_1", "action_flag": 2, "change_message": "[{\"changed\": {\"fields\": [\"Quota full link\"]}}]"}}, {"model": "admin.logentry", "pk": 47, "fields": {"action_time": "2026-05-21T05:45:55.546Z", "user": 2, "content_type": 12, "object_id": "1", "object_repr": "project_1 - vendor_1", "action_flag": 2, "change_message": "[{\"changed\": {\"fields\": [\"Target\"]}}]"}}, {"model": "admin.logentry", "pk": 48, "fields": {"action_time": "2026-05-21T05:46:12.433Z", "user": 2, "content_type": 10, "object_id": "1", "object_repr": "project_1", "action_flag": 2, "change_message": "[{\"changed\": {\"fields\": [\"Target\"]}}]"}}, {"model": "admin.logentry", "pk": 49, "fields": {"action_time": "2026-05-21T06:03:35.294Z", "user": 2, "content_type": 10, "object_id": "1", "object_repr": "project_1", "action_flag": 2, "change_message": "[{\"changed\": {\"fields\": [\"Target\"]}}]"}}, {"model": "admin.logentry", "pk": 50, "fields": {"action_time": "2026-05-21T06:04:12.031Z", "user": 2, "content_type": 12, "object_id": "1", "object_repr": "project_1 - vendor_1", "action_flag": 2, "change_message": "[{\"changed\": {\"fields\": [\"Target\"]}}]"}}, {"model": "admin.logentry", "pk": 51, "fields": {"action_time": "2026-05-21T06:05:53.257Z", "user": 2, "content_type": 12, "object_id": "1", "object_repr": "project_1 - vendor_1", "action_flag": 2, "change_message": "[{\"changed\": {\"fields\": [\"Quota full link\"]}}]"}}, {"model": "admin.logentry", "pk": 52, "fields": {"action_time": "2026-05-21T12:38:19.143Z", "user": 2, "content_type": 9, "object_id": "4", "object_repr": "Divya", "action_flag": 3, "change_message": ""}}, {"model": "admin.logentry", "pk": 53, "fields": {"action_time": "2026-05-21T12:38:35.230Z", "user": 2, "content_type": 8, "object_id": "5", "object_repr": "deek", "action_flag": 3, "change_message": ""}}, {"model": "admin.logentry", "pk": 54, "fields": {"action_time": "2026-05-21T12:38:35.230Z", "user": 2, "content_type": 8, "object_id": "4", "object_repr": "demo", "action_flag": 3, "change_message": ""}}, {"model": "admin.logentry", "pk": 55, "fields": {"action_time": "2026-05-21T12:38:45.886Z", "user": 2, "content_type": 8, "object_id": "3", "object_repr": "vendor_3", "action_flag": 3, "change_message": ""}}, {"model": "admin.logentry", "pk": 56, "fields": {"action_time": "2026-05-21T12:39:15.618Z", "user": 2, "content_type": 10, "object_id": "3", "object_repr": "project_3", "action_flag": 3, "change_message": ""}}, {"model": "admin.logentry", "pk": 57, "fields": {"action_time": "2026-05-21T12:44:43.813Z", "user": 2, "content_type": 9, "object_id": "5", "object_repr": "client_3", "action_flag": 1, "change_message": "[{\"added\": {}}]"}}, {"model": "admin.logentry", "pk": 58, "fields": {"action_time": "2026-05-21T12:45:51.864Z", "user": 2, "content_type": 8, "object_id": "6", "object_repr": "vendor_3", "action_flag": 1, "change_message": "[{\"added\": {}}]"}}, {"model": "admin.logentry", "pk": 59, "fields": {"action_time": "2026-05-21T12:46:34.335Z", "user": 2, "content_type": 10, "object_id": "5", "object_repr": "project_3", "action_flag": 1, "change_message": "[{\"added\": {}}]"}}, {"model": "admin.logentry", "pk": 60, "fields": {"action_time": "2026-05-21T12:47:01.356Z", "user": 2, "content_type": 12, "object_id": "7", "object_repr": "project_3 - vendor_3", "action_flag": 1, "change_message": "[{\"added\": {}}]"}}, {"model": "admin.logentry", "pk": 61, "fields": {"action_time": "2026-05-25T10:23:56.103Z", "user": 2, "content_type": 9, "object_id": "7", "object_repr": "client_5", "action_flag": 3, "change_message": ""}}, {"model": "admin.logentry", "pk": 62, "fields": {"action_time": "2026-05-29T05:17:46.016Z", "user": 2, "content_type": 12, "object_id": "16", "object_repr": "project 5 - vendor_4", "action_flag": 1, "change_message": "[{\"added\": {}}]"}}, {"model": "admin.logentry", "pk": 63, "fields": {"action_time": "2026-05-29T05:28:41.313Z", "user": 2, "content_type": 12, "object_id": "13", "object_repr": "project 5 - vendor_4", "action_flag": 2, "change_message": "[{\"changed\": {\"fields\": [\"Status\"]}}]"}}, {"model": "admin.logentry", "pk": 64, "fields": {"action_time": "2026-05-29T05:28:49.637Z", "user": 2, "content_type": 12, "object_id": "1", "object_repr": "project_1 - vendor_1", "action_flag": 2, "change_message": "[{\"changed\": {\"fields\": [\"Status\"]}}]"}}, {"model": "admin.logentry", "pk": 65, "fields": {"action_time": "2026-05-29T05:28:58.323Z", "user": 2, "content_type": 12, "object_id": "2", "object_repr": "project_2 - vendor_2", "action_flag": 2, "change_message": "[{\"changed\": {\"fields\": [\"Status\"]}}]"}}, {"model": "admin.logentry", "pk": 66, "fields": {"action_time": "2026-05-29T05:29:08.537Z", "user": 2, "content_type": 12, "object_id": "7", "object_repr": "project_3 - vendor_3", "action_flag": 2, "change_message": "[{\"changed\": {\"fields\": [\"Status\"]}}]"}}, {"model": "admin.logentry", "pk": 67, "fields": {"action_time": "2026-05-29T05:29:13.923Z", "user": 2, "content_type": 12, "object_id": "8", "object_repr": "project_3 - vendor_2", "action_flag": 2, "change_message": "[{\"changed\": {\"fields\": [\"Status\"]}}]"}}, {"model": "admin.logentry", "pk": 68, "fields": {"action_time": "2026-05-29T05:29:19.964Z", "user": 2, "content_type": 12, "object_id": "12", "object_repr": "project_3 - vendor_4", "action_flag": 2, "change_message": "[{\"changed\": {\"fields\": [\"Status\"]}}]"}}, {"model": "admin.logentry", "pk": 69, "fields": {"action_time": "2026-05-29T05:29:25.570Z", "user": 2, "content_type": 12, "object_id": "11", "object_repr": "project_2 - vendor_1", "action_flag": 2, "change_message": "[{\"changed\": {\"fields\": [\"Status\"]}}]"}}, {"model": "admin.logentry", "pk": 70, "fields": {"action_time": "2026-05-29T05:29:31.274Z", "user": 2, "content_type": 12, "object_id": "10", "object_repr": "project_3 - vendor_3", "action_flag": 2, "change_message": "[{\"changed\": {\"fields\": [\"Status\"]}}]"}}, {"model": "auth.permission", "pk": 1, "fields": {"name": "Can add log entry", "content_type": 1, "codename": "add_logentry"}}, {"model": "auth.permission", "pk": 2, "fields": {"name": "Can change log entry", "content_type": 1, "codename": "change_logentry"}}, {"model": "auth.permission", "pk": 3, "fields": {"name": "Can delete log entry", "content_type": 1, "codename": "delete_logentry"}}, {"model": "auth.permission", "pk": 4, "fields": {"name": "Can view log entry", "content_type": 1, "codename": "view_logentry"}}, {"model": "auth.permission", "pk": 5, "fields": {"name": "Can add permission", "content_type": 2, "codename": "add_permission"}}, {"model": "auth.permission", "pk": 6, "fields": {"name": "Can change permission", "content_type": 2, "codename": "change_permission"}}, {"model": "auth.permission", "pk": 7, "fields": {"name": "Can delete permission", "content_type": 2, "codename": "delete_permission"}}, {"model": "auth.permission", "pk": 8, "fields": {"name": "Can view permission", "content_type": 2, "codename": "view_permission"}}, {"model": "auth.permission", "pk": 9, "fields": {"name": "Can add group", "content_type": 3, "codename": "add_group"}}, {"model": "auth.permission", "pk": 10, "fields": {"name": "Can change group", "content_type": 3, "codename": "change_group"}}, {"model": "auth.permission", "pk": 11, "fields": {"name": "Can delete group", "content_type": 3, "codename": "delete_group"}}, {"model": "auth.permission", "pk": 12, "fields": {"name": "Can view group", "content_type": 3, "codename": "view_group"}}, {"model": "auth.permission", "pk": 13, "fields": {"name": "Can add user", "content_type": 4, "codename": "add_user"}}, {"model": "auth.permission", "pk": 14, "fields": {"name": "Can change user", "content_type": 4, "codename": "change_user"}}, {"model": "auth.permission", "pk": 15, "fields": {"name": "Can delete user", "content_type": 4, "codename": "delete_user"}}, {"model": "auth.permission", "pk": 16, "fields": {"name": "Can view user", "content_type": 4, "codename": "view_user"}}, {"model": "auth.permission", "pk": 17, "fields": {"name": "Can add content type", "content_type": 5, "codename": "add_contenttype"}}, {"model": "auth.permission", "pk": 18, "fields": {"name": "Can change content type", "content_type": 5, "codename": "change_contenttype"}}, {"model": "auth.permission", "pk": 19, "fields": {"name": "Can delete content type", "content_type": 5, "codename": "delete_contenttype"}}, {"model": "auth.permission", "pk": 20, "fields": {"name": "Can view content type", "content_type": 5, "codename": "view_contenttype"}}, {"model": "auth.permission", "pk": 21, "fields": {"name": "Can add session", "content_type": 6, "codename": "add_session"}}, {"model": "auth.permission", "pk": 22, "fields": {"name": "Can change session", "content_type": 6, "codename": "change_session"}}, {"model": "auth.permission", "pk": 23, "fields": {"name": "Can delete session", "content_type": 6, "codename": "delete_session"}}, {"model": "auth.permission", "pk": 24, "fields": {"name": "Can view session", "content_type": 6, "codename": "view_session"}}, {"model": "auth.permission", "pk": 25, "fields": {"name": "Can add respondent", "content_type": 7, "codename": "add_respondent"}}, {"model": "auth.permission", "pk": 26, "fields": {"name": "Can change respondent", "content_type": 7, "codename": "change_respondent"}}, {"model": "auth.permission", "pk": 27, "fields": {"name": "Can delete respondent", "content_type": 7, "codename": "delete_respondent"}}, {"model": "auth.permission", "pk": 28, "fields": {"name": "Can view respondent", "content_type": 7, "codename": "view_respondent"}}, {"model": "auth.permission", "pk": 29, "fields": {"name": "Can add vendor", "content_type": 8, "codename": "add_vendor"}}, {"model": "auth.permission", "pk": 30, "fields": {"name": "Can change vendor", "content_type": 8, "codename": "change_vendor"}}, {"model": "auth.permission", "pk": 31, "fields": {"name": "Can delete vendor", "content_type": 8, "codename": "delete_vendor"}}, {"model": "auth.permission", "pk": 32, "fields": {"name": "Can view vendor", "content_type": 8, "codename": "view_vendor"}}, {"model": "auth.permission", "pk": 33, "fields": {"name": "Can add client", "content_type": 9, "codename": "add_client"}}, {"model": "auth.permission", "pk": 34, "fields": {"name": "Can change client", "content_type": 9, "codename": "change_client"}}, {"model": "auth.permission", "pk": 35, "fields": {"name": "Can delete client", "content_type": 9, "codename": "delete_client"}}, {"model": "auth.permission", "pk": 36, "fields": {"name": "Can view client", "content_type": 9, "codename": "view_client"}}, {"model": "auth.permission", "pk": 37, "fields": {"name": "Can add project", "content_type": 10, "codename": "add_project"}}, {"model": "auth.permission", "pk": 38, "fields": {"name": "Can change project", "content_type": 10, "codename": "change_project"}}, {"model": "auth.permission", "pk": 39, "fields": {"name": "Can delete project", "content_type": 10, "codename": "delete_project"}}, {"model": "auth.permission", "pk": 40, "fields": {"name": "Can view project", "content_type": 10, "codename": "view_project"}}, {"model": "auth.permission", "pk": 41, "fields": {"name": "Can add redirect log", "content_type": 11, "codename": "add_redirectlog"}}, {"model": "auth.permission", "pk": 42, "fields": {"name": "Can change redirect log", "content_type": 11, "codename": "change_redirectlog"}}, {"model": "auth.permission", "pk": 43, "fields": {"name": "Can delete redirect log", "content_type": 11, "codename": "delete_redirectlog"}}, {"model": "auth.permission", "pk": 44, "fields": {"name": "Can view redirect log", "content_type": 11, "codename": "view_redirectlog"}}, {"model": "auth.permission", "pk": 45, "fields": {"name": "Can add project vendor", "content_type": 12, "codename": "add_projectvendor"}}, {"model": "auth.permission", "pk": 46, "fields": {"name": "Can change project vendor", "content_type": 12, "codename": "change_projectvendor"}}, {"model": "auth.permission", "pk": 47, "fields": {"name": "Can delete project vendor", "content_type": 12, "codename": "delete_projectvendor"}}, {"model": "auth.permission", "pk": 48, "fields": {"name": "Can view project vendor", "content_type": 12, "codename": "view_projectvendor"}}, {"model": "auth.user", "pk": 2, "fields": {"password": "pbkdf2_sha256$1000000$fJ9UBF7DMzsmYBL7AUlBpo$2X2giGPFJK56MBwpgoLlb560A2DvAmj8useAm6PsOvE=", "last_login": "2026-05-20T07:44:46.356Z", "is_superuser": true, "username": "hp", "first_name": "", "last_name": "", "email": "", "is_staff": true, "is_active": true, "date_joined": "2026-05-18T07:53:48.298Z", "groups": [], "user_permissions": []}}, {"model": "auth.user", "pk": 3, "fields": {"password": "pbkdf2_sha256$1000000$nMp8UM2oeonU7eQZtfT4VO$NSD6Hdg8MZqwwVT9p7nmPuNJB6Tg05pUjA+r+AZ1ft4=", "last_login": null, "is_superuser": true, "username": "admin", "first_name": "", "last_name": "", "email": "asbadarsh21@gmail.com", "is_staff": true, "is_active": true, "date_joined": "2026-05-29T06:29:25.694Z", "groups": [], "user_permissions": []}}, {"model": "contenttypes.contenttype", "pk": 1, "fields": {"app_label": "admin", "model": "logentry"}}, {"model": "contenttypes.contenttype", "pk": 2, "fields": {"app_label": "auth", "model": "permission"}}, {"model": "contenttypes.contenttype", "pk": 3, "fields": {"app_label": "auth", "model": "group"}}, {"model": "contenttypes.contenttype", "pk": 4, "fields": {"app_label": "auth", "model": "user"}}, {"model": "contenttypes.contenttype", "pk": 5, "fields": {"app_label": "contenttypes", "model": "contenttype"}}, {"model": "contenttypes.contenttype", "pk": 6, "fields": {"app_label": "sessions", "model": "session"}}, {"model": "contenttypes.contenttype", "pk": 7, "fields": {"app_label": "core", "model": "respondent"}}, {"model": "contenttypes.contenttype", "pk": 8, "fields": {"app_label": "core", "model": "vendor"}}, {"model": "contenttypes.contenttype", "pk": 9, "fields": {"app_label": "core", "model": "client"}}, {"model": "contenttypes.contenttype", "pk": 10, "fields": {"app_label": "core", "model": "project"}}, {"model": "contenttypes.contenttype", "pk": 11, "fields": {"app_label": "core", "model": "redirectlog"}}, {"model": "contenttypes.contenttype", "pk": 12, "fields": {"app_label": "core", "model": "projectvendor"}}, {"model": "sessions.session", "pk": "dr0c5tgxlf54n2wjehxl658h3wc6eiqr", "fields": {"session_data": ".eJxVjEEOwiAQRe_C2hA7UDq4dN8zkKHMSNVAUtqV8e7apAvd_vfef6lA25rD1ngJc1IXBer0u0WaHlx2kO5UblVPtazLHPWu6IM2PdbEz-vh_h1kavlbW5uGaPpezgmlA2eYUbxjkugjirEEYBKxIBgQ50mQBZA8Aw_oOvX-APkhOIU:1wPbbi:37SPD4ZBKHOs4jUPuQREvNJFVpvF_iKYn5_25wfhXcY", "expire_date": "2026-06-03T07:44:46.360Z"}}, {"model": "sessions.session", "pk": "g35sf0q3mpbsb9hlqxbgnm6bk6ljzahk", "fields": {"session_data": ".eJxVjEEOwiAQRe_C2hA7UDq4dN8zkKHMSNVAUtqV8e7apAvd_vfef6lA25rD1ngJc1IXBer0u0WaHlx2kO5UblVPtazLHPWu6IM2PdbEz-vh_h1kavlbW5uGaPpezgmlA2eYUbxjkugjirEEYBKxIBgQ50mQBZA8Aw_oOvX-APkhOIU:1wOsom:8r8AEySPV1G3iyyqFk_VWAzscFFSx9xE5DePeSEyerE", "expire_date": "2026-06-01T07:55:16.077Z"}}, {"model": "sessions.session", "pk": "saxv5tgbbzxfqts2nzy3s0hj1d4ugl8d", "fields": {"session_data": ".eJxVjEEOwiAQRe_C2hA7UDq4dN8zkKHMSNVAUtqV8e7apAvd_vfef6lA25rD1ngJc1IXBer0u0WaHlx2kO5UblVPtazLHPWu6IM2PdbEz-vh_h1kavlbW5uGaPpezgmlA2eYUbxjkugjirEEYBKxIBgQ50mQBZA8Aw_oOvX-APkhOIU:1wPJYW:OzDJagPcZ1h-mrQBUJnhMNEV2ev-NGZUJVawGr7Q5c8", "expire_date": "2026-06-02T12:28:16.603Z"}}, {"model": "core.client", "pk": 1, "fields": {"company_type": "client", "name": "client_1", "abrv_name": null, "contact_number": null, "email": "client@gmail.com", "invoice_email": null, "tax_id": null, "address": null, "invoicing_method": null, "payment_terms": null, "city": null, "zip_code": null, "country": null, "state": null, "status": true, "check_proxy": true, "is_diy": true, "test_link": "https://form.jotform.com/261383078966066?rid={{ID}}", "live_link": "https://form.jotform.com/261383078966066?rid={{ID}}", "rid_parameter": "RID", "our_parameter": "ID", "api_details": null, "created_at": "2026-05-18T10:12:56.052Z", "updated_at": "2026-05-28T05:57:33.456Z"}}, {"model": "core.client", "pk": 2, "fields": {"company_type": "client", "name": "client_2", "abrv_name": null, "contact_number": null, "email": "client2@gmail.com", "invoice_email": null, "tax_id": null, "address": null, "invoicing_method": null, "payment_terms": null, "city": null, "zip_code": null, "country": null, "state": null, "status": true, "check_proxy": true, "is_diy": true, "test_link": "https://survey.sogolytics.com/r/9Y4Bnc?Q2={{ID}}", "live_link": "https://survey.sogolytics.com/r/9Y4Bnc?Q2={{ID}}", "rid_parameter": "RID", "our_parameter": "ID", "api_details": null, "created_at": "2026-05-20T08:30:44.715Z", "updated_at": "2026-05-28T05:57:33.456Z"}}, {"model": "core.client", "pk": 5, "fields": {"company_type": "client", "name": "client_3", "abrv_name": null, "contact_number": null, "email": "client3@gmail.com", "invoice_email": null, "tax_id": null, "address": null, "invoicing_method": null, "payment_terms": null, "city": null, "zip_code": null, "country": null, "state": null, "status": true, "check_proxy": true, "is_diy": true, "test_link": "https://form.jotform.com/261383078966066?rid={{ID}}", "live_link": "https://form.jotform.com/261383078966066?rid={{ID}}", "rid_parameter": "RID", "our_parameter": "ID", "api_details": null, "created_at": "2026-05-21T12:44:43.813Z", "updated_at": "2026-05-28T05:57:33.456Z"}}, {"model": "core.client", "pk": 8, "fields": {"company_type": "client", "name": "hp", "abrv_name": "abrv", "contact_number": "8073125210", "email": "asbadarsh21@gmail.com", "invoice_email": "asbadarsh21@gmail.com", "tax_id": "12345", "address": "Rajajinagar Bengaluru", "invoicing_method": "monthly_basis", "payment_terms": "45", "city": "Bengaluru", "zip_code": "560021", "country": "India", "state": "Karnataka", "status": true, "check_proxy": true, "is_diy": true, "test_link": "https://form.jotform.com/261383078966066?rid={{ID}}", "live_link": "https://form.jotform.com/261383078966066?rid={{ID}}", "rid_parameter": "RID", "our_parameter": "ID", "api_details": "", "created_at": "2026-05-28T07:30:57.220Z", "updated_at": "2026-05-28T07:30:57.220Z"}}, {"model": "core.client", "pk": 9, "fields": {"company_type": "client", "name": "test_client_1", "abrv_name": "abrv", "contact_number": "8073125210", "email": "test_client_1@gmail.com", "invoice_email": "test_client_1@gmail.com", "tax_id": "12345", "address": "Rajajinagar Bengaluru", "invoicing_method": "monthly_basis", "payment_terms": "30", "city": "Bengaluru", "zip_code": "560021", "country": "India", "state": "Karnataka", "status": true, "check_proxy": true, "is_diy": true, "test_link": "", "live_link": "https://form.jotform.com/261383078966066?rid={{ID}}", "rid_parameter": "RID", "our_parameter": "ID", "api_details": "", "created_at": "2026-05-29T11:47:45.335Z", "updated_at": "2026-05-29T11:47:45.335Z"}}, {"model": "core.client", "pk": 10, "fields": {"company_type": "client", "name": "dd", "abrv_name": "", "contact_number": "8217803465", "email": "dd@gmail.com", "invoice_email": "dd@gmail.com", "tax_id": "34567", "address": "kathriguppe Bengaluru", "invoicing_method": "", "payment_terms": "", "city": "Bengaluru", "zip_code": "560021", "country": "India", "state": "Karnataka", "status": true, "check_proxy": true, "is_diy": true, "test_link": "https://form.jotform.com/261383078966066?rid={{ID}}", "live_link": "https://form.jotform.com/261383078966066?rid={{ID}}", "rid_parameter": "RID", "our_parameter": "ID", "api_details": "", "created_at": "2026-06-01T05:29:39.832Z", "updated_at": "2026-06-01T05:29:39.832Z"}}, {"model": "core.vendor", "pk": 1, "fields": {"name": "vendor_1", "abrv_name": null, "contact_number": null, "email": "vendor1@gmail.com", "invoice_email": null, "tax_id": null, "address": null, "invoicing_method": null, "payment_terms": null, "city": null, "zip_code": null, "country": null, "state": null, "complete_link": null, "terminate_link": null, "quota_full_link": null, "security_terminate_link": null, "api_details": null, "s2s_token": null, "cpc": "10.00", "status": true, "check_proxy": true, "is_diy": true, "created_at": "2026-05-18T10:14:06.488Z", "updated_at": "2026-05-28T07:34:00.331Z"}}, {"model": "core.vendor", "pk": 2, "fields": {"name": "vendor_2", "abrv_name": null, "contact_number": null, "email": "vendor2@gmail.com", "invoice_email": null, "tax_id": null, "address": null, "invoicing_method": null, "payment_terms": null, "city": null, "zip_code": null, "country": null, "state": null, "complete_link": "https://vendor2.com/complete?rid={{ID}}", "terminate_link": "https://vendor2.com/terminate?rid={{ID}}", "quota_full_link": "https://vendor2.com/quota-full?rid={{ID}}", "security_terminate_link": "https://vendor2.com/security?rid={{ID}}", "api_details": null, "s2s_token": null, "cpc": "0.00", "status": true, "check_proxy": true, "is_diy": true, "created_at": "2026-05-20T08:32:22.297Z", "updated_at": "2026-05-28T07:34:00.331Z"}}, {"model": "core.vendor", "pk": 6, "fields": {"name": "vendor_3", "abrv_name": null, "contact_number": null, "email": "vendor3@gmail.com", "invoice_email": null, "tax_id": null, "address": null, "invoicing_method": null, "payment_terms": null, "city": null, "zip_code": null, "country": null, "state": null, "complete_link": null, "terminate_link": null, "quota_full_link": null, "security_terminate_link": null, "api_details": null, "s2s_token": null, "cpc": "0.00", "status": true, "check_proxy": true, "is_diy": true, "created_at": "2026-05-21T12:45:51.864Z", "updated_at": "2026-05-28T07:34:00.331Z"}}, {"model": "core.vendor", "pk": 7, "fields": {"name": "vendor_4", "abrv_name": null, "contact_number": null, "email": "vendor4@gmail.com", "invoice_email": null, "tax_id": null, "address": null, "invoicing_method": null, "payment_terms": null, "city": null, "zip_code": null, "country": null, "state": null, "complete_link": "", "terminate_link": "", "quota_full_link": "", "security_terminate_link": "", "api_details": null, "s2s_token": null, "cpc": "0.00", "status": true, "check_proxy": true, "is_diy": true, "created_at": "2026-05-25T07:17:25.199Z", "updated_at": "2026-05-28T07:34:00.331Z"}}, {"model": "core.vendor", "pk": 8, "fields": {"name": "vendor_4", "abrv_name": "abrv", "contact_number": "8073125210", "email": "vendor4@gmail.com", "invoice_email": "asbadarsh21@gmail.com", "tax_id": "12345", "address": "Rajajinagar Bengaluru", "invoicing_method": "monthly_basis", "payment_terms": "30", "city": "Bengaluru", "zip_code": "560021", "country": "India", "state": "Karnataka", "complete_link": "https://example.com/complete?pid={{panellist_id}}", "terminate_link": "https://example.com/terminate?pid={{panellist_id}}", "quota_full_link": "https://example.com/quota?pid={{panellist_id}}", "security_terminate_link": "", "api_details": "", "s2s_token": "8a971e5220320e2a5d79953ee0ac10342d268c271dacb87b510898cbbcbc9d311d90cdb2eaa2f39183470db58faf367c27bdec4cc7ed20bb5c33eddd8e198e68", "cpc": "-0.22", "status": true, "check_proxy": true, "is_diy": true, "created_at": "2026-05-28T08:22:00.347Z", "updated_at": "2026-05-28T10:53:22.696Z"}}, {"model": "core.vendor", "pk": 9, "fields": {"name": "vendor_5", "abrv_name": "abrv", "contact_number": "8073125210", "email": "vendor5@gmail.com", "invoice_email": "asbadarsh21@gmail.com", "tax_id": "12345", "address": "Rajajinagar Bengaluru", "invoicing_method": "project_basis", "payment_terms": "30", "city": "Bengaluru", "zip_code": "560021", "country": "India", "state": "Karnataka", "complete_link": "", "terminate_link": "", "quota_full_link": "", "security_terminate_link": "", "api_details": "", "s2s_token": "58cf0c020197c32167cbca64b79642954d7327ef77b5bd1319c6dfae84dd07ef68c0f245cd2ce348fd15d12b321d9c42f4b26d9699d09a3a35eeddc4b075c0dd", "cpc": "0.00", "status": true, "check_proxy": true, "is_diy": true, "created_at": "2026-05-29T05:11:47.027Z", "updated_at": "2026-05-29T05:12:03.306Z"}}, {"model": "core.vendor", "pk": 10, "fields": {"name": "test_vendor_1", "abrv_name": "abrv", "contact_number": "1234567890", "email": "test_vendor_1@gmail.com", "invoice_email": "test_vendor_1@gmail.com", "tax_id": "12345", "address": "Rajajinagar Bengaluru", "invoicing_method": "monthly_basis", "payment_terms": "45", "city": "Bengaluru", "zip_code": "560021", "country": "India", "state": "Karnataka", "complete_link": "https://example.com/complete?pid={{panellist_id}}", "terminate_link": "https://example.com/terminate?pid={{panellist_id}}", "quota_full_link": "https://example.com/quota-full?pid={{panellist_id}}", "security_terminate_link": "https://example.com/security?pid={{panellist_id}}", "api_details": "", "s2s_token": "e2114752330e879c8edbeaa95da28acf7fcdd8926da8dff4e8b49ff592f3a4e40725f54584f071e0e49f6f5a4d05bf9dbbbbc4662d8e6ba7e51bbd8526ae8e5c", "cpc": "10.00", "status": true, "check_proxy": true, "is_diy": true, "created_at": "2026-05-29T11:50:16.921Z", "updated_at": "2026-05-29T12:08:10.248Z"}}, {"model": "core.project", "pk": 1, "fields": {"parent_project": "Self Parent", "name": "project_1", "study_type": null, "country": "India", "language": null, "client": 1, "client_contact": null, "project_manager": null, "sales_person": null, "target": 12, "max_completes": 0, "cpc": "20.00", "loi": 10, "ir": 15, "reward_points": "0.00", "supported_devices": null, "live_link": "https://form.jotform.com/261383078966066?rid={{ID}}", "test_link": "https://form.jotform.com/261383078966066?rid={{ID}}", "start_date": null, "end_date": null, "notes": null, "project_brief": null, "status": "active", "created_at": "2026-05-18T10:16:29.871Z", "updated_at": "2026-05-28T11:56:32.423Z"}}, {"model": "core.project", "pk": 2, "fields": {"parent_project": "Self Parent", "name": "project_2", "study_type": null, "country": "India", "language": null, "client": 2, "client_contact": null, "project_manager": null, "sales_person": null, "target": 5, "max_completes": 0, "cpc": "0.00", "loi": 0, "ir": 0, "reward_points": "0.00", "supported_devices": null, "live_link": "https://survey.sogolytics.com/r/9Y4Bnc?Q2={{ID}}", "test_link": "https://survey.sogolytics.com/r/9Y4Bnc?Q2={{ID}}", "start_date": null, "end_date": null, "notes": null, "project_brief": null, "status": "active", "created_at": "2026-05-20T08:33:32.492Z", "updated_at": "2026-05-28T11:56:32.423Z"}}, {"model": "core.project", "pk": 5, "fields": {"parent_project": "Self Parent", "name": "project_3", "study_type": "", "country": "India", "language": "", "client": 5, "client_contact": "", "project_manager": "", "sales_person": "", "target": 5, "max_completes": 0, "cpc": "-0.01", "loi": 0, "ir": 0, "reward_points": "0.00", "supported_devices": "", "live_link": "https://form.jotform.com/261383078966066?rid={{ID}}", "test_link": "https://form.jotform.com/261383078966066?rid={{ID}}", "start_date": "2026-05-06", "end_date": "2026-05-29", "notes": "", "project_brief": "", "status": "testing", "created_at": "2026-05-21T12:46:34.331Z", "updated_at": "2026-05-29T07:51:35.636Z"}}, {"model": "core.project", "pk": 7, "fields": {"parent_project": "Self Parent", "name": "project 5", "study_type": "", "country": "india", "language": "", "client": 8, "client_contact": "", "project_manager": "", "sales_person": "", "target": 10, "max_completes": 0, "cpc": "0.00", "loi": 5, "ir": 10, "reward_points": "0.00", "supported_devices": "", "live_link": "https://form.jotform.com/261383078966066?rid={{ID}}", "test_link": "", "start_date": "2026-05-29", "end_date": "2026-05-29", "notes": "", "project_brief": "", "status": "testing", "created_at": "2026-05-28T10:55:15.205Z", "updated_at": "2026-05-29T07:35:19.163Z"}}, {"model": "core.project", "pk": 8, "fields": {"parent_project": "Self Parent", "name": "test_project_1", "study_type": "B2B", "country": "India", "language": "Kannada", "client": 9, "client_contact": "test_client_contact", "project_manager": "test_project_manager", "sales_person": "test_sales_person", "target": 10, "max_completes": 10, "cpc": "10.00", "loi": 5, "ir": 8, "reward_points": "5.00", "supported_devices": "mobile,desktop", "live_link": "https://form.jotform.com/261383078966066?rid={{ID}}", "test_link": "https://form.jotform.com/261383078966066?rid={{ID}}", "start_date": "2026-05-29", "end_date": "2026-06-15", "notes": "", "project_brief": "", "status": "testing", "created_at": "2026-05-29T11:54:01.454Z", "updated_at": "2026-05-29T11:54:01.454Z"}}, {"model": "core.project", "pk": 9, "fields": {"parent_project": "Self Parent", "name": "dddd", "study_type": "", "country": "India", "language": "Kannada", "client": 10, "client_contact": "", "project_manager": "", "sales_person": "", "target": 0, "max_completes": 0, "cpc": "2.00", "loi": 0, "ir": 0, "reward_points": "0.00", "supported_devices": "", "live_link": "https://form.jotform.com/261383078966066?rid={{ID}}", "test_link": "https://form.jotform.com/261383078966066?rid={{ID}}", "start_date": "2026-06-16", "end_date": "2026-06-30", "notes": "", "project_brief": "", "status": "bidding", "created_at": "2026-06-01T05:34:28.664Z", "updated_at": "2026-06-01T05:34:28.664Z"}}, {"model": "core.projectvendor", "pk": 1, "fields": {"project": 1, "vendor": 1, "vendor_cpc": "50.00", "target": 10, "complete_link": null, "terminate_link": null, "quota_full_link": null, "security_terminate_link": null, "status": "active", "created_at": "2026-05-18T10:19:09.821Z", "max_redirects": 99999, "notes": null, "ask_email": false, "ask_zip": false, "ask_age": false, "ask_gender": false, "s2s_token": null, "qualification_required": true}}, {"model": "core.projectvendor", "pk": 2, "fields": {"project": 2, "vendor": 2, "vendor_cpc": "0.00", "target": 0, "complete_link": "https://vendor2.com/complete?rid={{ID}}", "terminate_link": "https://vendor2.com/terminate?rid={{ID}}", "quota_full_link": "https://vendor2.com/quota-full?rid={{ID}}", "security_terminate_link": "https://vendor2.com/security?rid={{ID}}", "status": "active", "created_at": "2026-05-20T08:33:45.859Z", "max_redirects": 99999, "notes": null, "ask_email": false, "ask_zip": false, "ask_age": false, "ask_gender": false, "s2s_token": null, "qualification_required": true}}, {"model": "core.projectvendor", "pk": 7, "fields": {"project": 5, "vendor": 6, "vendor_cpc": "0.00", "target": 3, "complete_link": null, "terminate_link": null, "quota_full_link": null, "security_terminate_link": null, "status": "active", "created_at": "2026-05-21T12:47:01.356Z", "max_redirects": 99999, "notes": null, "ask_email": false, "ask_zip": false, "ask_age": false, "ask_gender": false, "s2s_token": null, "qualification_required": true}}, {"model": "core.projectvendor", "pk": 8, "fields": {"project": 5, "vendor": 2, "vendor_cpc": "0.00", "target": 10, "complete_link": "https://vendor2.com/complete?rid={{ID}}", "terminate_link": "https://vendor2.com/terminate?rid={{ID}}", "quota_full_link": "https://vendor2.com/quota-full?rid={{ID}}", "security_terminate_link": "https://vendor2.com/security?rid={{ID}}", "status": "active", "created_at": "2026-05-25T05:40:52.831Z", "max_redirects": 99999, "notes": null, "ask_email": false, "ask_zip": false, "ask_age": false, "ask_gender": false, "s2s_token": null, "qualification_required": true}}, {"model": "core.projectvendor", "pk": 10, "fields": {"project": 5, "vendor": 6, "vendor_cpc": "0.00", "target": 5, "complete_link": null, "terminate_link": null, "quota_full_link": null, "security_terminate_link": null, "status": "active", "created_at": "2026-05-25T09:55:45.595Z", "max_redirects": 99999, "notes": null, "ask_email": false, "ask_zip": false, "ask_age": false, "ask_gender": false, "s2s_token": null, "qualification_required": true}}, {"model": "core.projectvendor", "pk": 11, "fields": {"project": 2, "vendor": 1, "vendor_cpc": "10.00", "target": 5, "complete_link": null, "terminate_link": null, "quota_full_link": null, "security_terminate_link": null, "status": "active", "created_at": "2026-05-25T13:09:09.329Z", "max_redirects": 99999, "notes": null, "ask_email": false, "ask_zip": false, "ask_age": false, "ask_gender": false, "s2s_token": null, "qualification_required": true}}, {"model": "core.projectvendor", "pk": 12, "fields": {"project": 5, "vendor": 8, "vendor_cpc": "0.09", "target": 5, "complete_link": "https://example.com/complete?pid={{panellist_id}}", "terminate_link": "https://example.com/terminate?pid={{panellist_id}}", "quota_full_link": "https://example.com/quota?pid={{panellist_id}}", "security_terminate_link": "", "status": "active", "created_at": "2026-05-28T10:40:24.796Z", "max_redirects": 99999, "notes": null, "ask_email": false, "ask_zip": false, "ask_age": false, "ask_gender": false, "s2s_token": null, "qualification_required": true}}, {"model": "core.projectvendor", "pk": 13, "fields": {"project": 7, "vendor": 8, "vendor_cpc": "-0.22", "target": 5, "complete_link": "https://example.com/complete?pid={{panellist_id}}", "terminate_link": "https://example.com/terminate?pid={{panellist_id}}", "quota_full_link": "https://example.com/quota?pid={{panellist_id}}", "security_terminate_link": "", "status": "active", "created_at": "2026-05-28T10:56:35.605Z", "max_redirects": 99999, "notes": null, "ask_email": false, "ask_zip": false, "ask_age": false, "ask_gender": false, "s2s_token": null, "qualification_required": true}}, {"model": "core.projectvendor", "pk": 14, "fields": {"project": 7, "vendor": 1, "vendor_cpc": "10.00", "target": 5, "complete_link": null, "terminate_link": null, "quota_full_link": null, "security_terminate_link": null, "status": "active", "created_at": "2026-05-29T05:09:47.731Z", "max_redirects": 99999, "notes": null, "ask_email": false, "ask_zip": false, "ask_age": false, "ask_gender": false, "s2s_token": null, "qualification_required": true}}, {"model": "core.projectvendor", "pk": 15, "fields": {"project": 7, "vendor": 9, "vendor_cpc": "0.00", "target": 5, "complete_link": "", "terminate_link": "", "quota_full_link": "", "security_terminate_link": "", "status": "active", "created_at": "2026-05-29T05:12:44.932Z", "max_redirects": 99999, "notes": null, "ask_email": false, "ask_zip": false, "ask_age": false, "ask_gender": false, "s2s_token": null, "qualification_required": true}}, {"model": "core.projectvendor", "pk": 16, "fields": {"project": 7, "vendor": 8, "vendor_cpc": "-0.22", "target": 4, "complete_link": "https://example.com/complete?pid={{panellist_id}}", "terminate_link": "https://example.com/terminate?pid={{panellist_id}}", "quota_full_link": "https://example.com/quota?pid={{panellist_id}}", "security_terminate_link": "", "status": "active", "created_at": "2026-05-29T05:17:46.008Z", "max_redirects": 99999, "notes": null, "ask_email": false, "ask_zip": false, "ask_age": false, "ask_gender": false, "s2s_token": null, "qualification_required": true}}, {"model": "core.projectvendor", "pk": 17, "fields": {"project": 8, "vendor": 10, "vendor_cpc": "10.00", "target": 3, "complete_link": "https://vendorpanel.com/complete?pid={{ID}}", "terminate_link": "https://vendorpanel.com/terminate?pid={{ID}}", "quota_full_link": "https://vendorpanel.com/quota-full?pid={{ID}}", "security_terminate_link": "https://vendorpanel.com/security?pid={{ID}}", "status": "active", "created_at": "2026-05-29T11:54:49.667Z", "max_redirects": 99999, "notes": "", "ask_email": false, "ask_zip": false, "ask_age": true, "ask_gender": false, "s2s_token": null, "qualification_required": true}}, {"model": "core.projectvendor", "pk": 18, "fields": {"project": 8, "vendor": 10, "vendor_cpc": "10.00", "target": 1000, "complete_link": "https://example.com/complete?pid={{panellist_id}}", "terminate_link": "https://example.com/terminate?pid={{panellist_id}}", "quota_full_link": "https://example.com/quota-full?pid={{panellist_id}}", "security_terminate_link": "https://example.com/security?pid={{panellist_id}}", "status": "active", "created_at": "2026-05-29T12:09:36.797Z", "max_redirects": 99999, "notes": "", "ask_email": false, "ask_zip": false, "ask_age": false, "ask_gender": false, "s2s_token": null, "qualification_required": true}}, {"model": "core.projectvendor", "pk": 19, "fields": {"project": 9, "vendor": 2, "vendor_cpc": "0.00", "target": 1000, "complete_link": "https://vendor2.com/complete?rid={{ID}}", "terminate_link": "https://vendor2.com/terminate?rid={{ID}}", "quota_full_link": "https://vendor2.com/quota-full?rid={{ID}}", "security_terminate_link": "https://vendor2.com/security?rid={{ID}}", "status": "active", "created_at": "2026-06-01T05:36:49.039Z", "max_redirects": 99999, "notes": "", "ask_email": false, "ask_zip": false, "ask_age": false, "ask_gender": false, "s2s_token": null, "qualification_required": true}}, {"model": "core.projectvendor", "pk": 20, "fields": {"project": 8, "vendor": 1, "vendor_cpc": "10.00", "target": 1000, "complete_link": null, "terminate_link": null, "quota_full_link": null, "security_terminate_link": null, "status": "active", "created_at": "2026-06-01T10:16:16.064Z", "max_redirects": 99999, "notes": "", "ask_email": false, "ask_zip": false, "ask_age": false, "ask_gender": false, "s2s_token": "06e635557a1f70c25feda5c12cab9cf2c0d208691f16baf2011b458a435f3392", "qualification_required": true}}, {"model": "core.respondent", "pk": 4, "fields": {"respondent_id": "RID-FEC8C8939683", "project": 1, "vendor": 1, "project_vendor": 1, "status": "started", "previous_status": null, "vendor_panelist_id": null, "panel_misc_data": null, "reconnect_id": null, "email": null, "zip_code": null, "age": null, "gender": null, "ip_address": "2401:4900:c9a4:1945:79f3:6085:b766:4c65", "user_agent": "Mozilla/5.0 (Windows NT 10.0; Win64; x64) AppleWebKit/537.36 (KHTML, like Gecko) Chrome/148.0.0.0 Safari/537.36 Edg/148.0.0.0", "s2s_status": false, "started_at": "2026-05-19T13:22:15.915Z", "completed_at": null}}, {"model": "core.respondent", "pk": 5, "fields": {"respondent_id": "RID-CAAE161F339B", "project": 1, "vendor": 1, "project_vendor": 1, "status": "complete", "previous_status": "started", "vendor_panelist_id": null, "panel_misc_data": null, "reconnect_id": null, "email": null, "zip_code": null, "age": null, "gender": null, "ip_address": "2406:7400:10c:eeac:70a0:fcd4:4abc:947", "user_agent": "Mozilla/5.0 (Windows NT 10.0; Win64; x64) AppleWebKit/537.36 (KHTML, like Gecko) Chrome/148.0.0.0 Safari/537.36", "s2s_status": false, "started_at": "2026-05-20T04:59:47.274Z", "completed_at": "2026-05-20T05:08:07.044Z"}}, {"model": "core.respondent", "pk": 6, "fields": {"respondent_id": "RID-2B441F10F99C", "project": 1, "vendor": 1, "project_vendor": 1, "status": "started", "previous_status": null, "vendor_panelist_id": null, "panel_misc_data": null, "reconnect_id": null, "email": null, "zip_code": null, "age": null, "gender": null, "ip_address": "2406:7400:10c:eeac:70a0:fcd4:4abc:947", "user_agent": "Mozilla/5.0 (Windows NT 10.0; Win64; x64) AppleWebKit/537.36 (KHTML, like Gecko) Chrome/148.0.0.0 Safari/537.36 Edg/148.0.0.0", "s2s_status": false, "started_at": "2026-05-20T07:51:28.874Z", "completed_at": null}}, {"model": "core.respondent", "pk": 7, "fields": {"respondent_id": "RID-5C442B53EC97", "project": 1, "vendor": 1, "project_vendor": 1, "status": "quota_full", "previous_status": "complete", "vendor_panelist_id": null, "panel_misc_data": null, "reconnect_id": null, "email": null, "zip_code": null, "age": null, "gender": null, "ip_address": "2406:7400:10c:eeac:70a0:fcd4:4abc:947", "user_agent": "Mozilla/5.0 (Windows NT 10.0; Win64; x64) AppleWebKit/537.36 (KHTML, like Gecko) Chrome/148.0.0.0 Safari/537.36 Edg/148.0.0.0", "s2s_status": false, "started_at": "2026-05-20T08:00:22.388Z", "completed_at": "2026-05-20T11:45:43.987Z"}}, {"model": "core.respondent", "pk": 8, "fields": {"respondent_id": "RID-D1877DB94A35", "project": 1, "vendor": 1, "project_vendor": 1, "status": "complete", "previous_status": "started", "vendor_panelist_id": null, "panel_misc_data": null, "reconnect_id": null, "email": null, "zip_code": null, "age": null, "gender": null, "ip_address": "2406:7400:10c:eeac:70a0:fcd4:4abc:947", "user_agent": "Mozilla/5.0 (Windows NT 10.0; Win64; x64) AppleWebKit/537.36 (KHTML, like Gecko) Chrome/148.0.0.0 Safari/537.36 Edg/148.0.0.0", "s2s_status": false, "started_at": "2026-05-20T08:09:47.263Z", "completed_at": "2026-05-20T08:10:54.244Z"}}, {"model": "core.respondent", "pk": 9, "fields": {"respondent_id": "RID-29D68CD86A3C", "project": 2, "vendor": 2, "project_vendor": 2, "status": "started", "previous_status": null, "vendor_panelist_id": null, "panel_misc_data": null, "reconnect_id": null, "email": null, "zip_code": null, "age": null, "gender": null, "ip_address": "2406:7400:10c:eeac:70a0:fcd4:4abc:947", "user_agent": "Mozilla/5.0 (Windows NT 10.0; Win64; x64) AppleWebKit/537.36 (KHTML, like Gecko) Chrome/148.0.0.0 Safari/537.36 Edg/148.0.0.0", "s2s_status": false, "started_at": "2026-05-20T08:34:39.900Z", "completed_at": null}}, {"model": "core.respondent", "pk": 10, "fields": {"respondent_id": "RID-DEA15827F6FE", "project": 2, "vendor": 2, "project_vendor": 2, "status": "started", "previous_status": null, "vendor_panelist_id": null, "panel_misc_data": null, "reconnect_id": null, "email": null, "zip_code": null, "age": null, "gender": null, "ip_address": "2406:7400:10c:3512:58d8:93c0:8f0:1a86", "user_agent": "Mozilla/5.0 (Windows NT 10.0; Win64; x64) AppleWebKit/537.36 (KHTML, like Gecko) Chrome/148.0.0.0 Safari/537.36 Edg/148.0.0.0", "s2s_status": false, "started_at": "2026-05-20T09:45:23.855Z", "completed_at": null}}, {"model": "core.respondent", "pk": 11, "fields": {"respondent_id": "RID-8835873F78D1", "project": 2, "vendor": 2, "project_vendor": 2, "status": "started", "previous_status": null, "vendor_panelist_id": null, "panel_misc_data": null, "reconnect_id": null, "email": null, "zip_code": null, "age": null, "gender": null, "ip_address": "2406:7400:10c:3512:58d8:93c0:8f0:1a86", "user_agent": "Mozilla/5.0 (Windows NT 10.0; Win64; x64) AppleWebKit/537.36 (KHTML, like Gecko) Chrome/148.0.0.0 Safari/537.36 Edg/148.0.0.0", "s2s_status": false, "started_at": "2026-05-20T10:05:33.679Z", "completed_at": null}}, {"model": "core.respondent", "pk": 12, "fields": {"respondent_id": "RID-DDBDDE1B867E", "project": 2, "vendor": 2, "project_vendor": 2, "status": "started", "previous_status": null, "vendor_panelist_id": null, "panel_misc_data": null, "reconnect_id": null, "email": null, "zip_code": null, "age": null, "gender": null, "ip_address": "2406:7400:10c:3512:58d8:93c0:8f0:1a86", "user_agent": "Mozilla/5.0 (Windows NT 10.0; Win64; x64) AppleWebKit/537.36 (KHTML, like Gecko) Chrome/148.0.0.0 Safari/537.36", "s2s_status": false, "started_at": "2026-05-20T10:09:54.436Z", "completed_at": null}}, {"model": "core.respondent", "pk": 13, "fields": {"respondent_id": "RID-9BB13CC799A6", "project": 2, "vendor": 2, "project_vendor": 2, "status": "started", "previous_status": null, "vendor_panelist_id": null, "panel_misc_data": null, "reconnect_id": null, "email": null, "zip_code": null, "age": null, "gender": null, "ip_address": "2406:7400:10c:3512:58d8:93c0:8f0:1a86", "user_agent": "Mozilla/5.0 (Windows NT 10.0; Win64; x64) AppleWebKit/537.36 (KHTML, like Gecko) Chrome/148.0.0.0 Safari/537.36 Edg/148.0.0.0", "s2s_status": false, "started_at": "2026-05-20T10:11:54.420Z", "completed_at": null}}, {"model": "core.respondent", "pk": 14, "fields": {"respondent_id": "RID-8395A68711C6", "project": 2, "vendor": 2, "project_vendor": 2, "status": "started", "previous_status": null, "vendor_panelist_id": null, "panel_misc_data": null, "reconnect_id": null, "email": null, "zip_code": null, "age": null, "gender": null, "ip_address": "2406:7400:10c:3512:58d8:93c0:8f0:1a86", "user_agent": "Mozilla/5.0 (Windows NT 10.0; Win64; x64) AppleWebKit/537.36 (KHTML, like Gecko) Chrome/148.0.0.0 Safari/537.36", "s2s_status": false, "started_at": "2026-05-20T10:16:14.322Z", "completed_at": null}}, {"model": "core.respondent", "pk": 15, "fields": {"respondent_id": "RID-8BCFA22B3522", "project": 1, "vendor": 1, "project_vendor": 1, "status": "terminate", "previous_status": "complete", "vendor_panelist_id": null, "panel_misc_data": null, "reconnect_id": null, "email": null, "zip_code": null, "age": null, "gender": null, "ip_address": "2406:7400:10c:3512:ad28:378b:40bf:9bf3", "user_agent": "Mozilla/5.0 (Windows NT 10.0; Win64; x64) AppleWebKit/537.36 (KHTML, like Gecko) Chrome/148.0.0.0 Safari/537.36 Edg/148.0.0.0", "s2s_status": false, "started_at": "2026-05-20T11:36:04.639Z", "completed_at": "2026-05-20T11:44:29.657Z"}}, {"model": "core.respondent", "pk": 16, "fields": {"respondent_id": "RID-139F668FA6E0", "project": 1, "vendor": 1, "project_vendor": 1, "status": "complete", "previous_status": "started", "vendor_panelist_id": null, "panel_misc_data": null, "reconnect_id": null, "email": null, "zip_code": null, "age": null, "gender": null, "ip_address": "2406:7400:10c:3512:ad28:378b:40bf:9bf3", "user_agent": "Mozilla/5.0 (Windows NT 10.0; Win64; x64) AppleWebKit/537.36 (KHTML, like Gecko) Chrome/148.0.0.0 Safari/537.36 Edg/148.0.0.0", "s2s_status": false, "started_at": "2026-05-20T12:46:35.481Z", "completed_at": "2026-05-20T12:47:02.098Z"}}, {"model": "core.respondent", "pk": 17, "fields": {"respondent_id": "RID-8630F4490354", "project": 1, "vendor": 1, "project_vendor": 1, "status": "complete", "previous_status": "started", "vendor_panelist_id": null, "panel_misc_data": null, "reconnect_id": null, "email": null, "zip_code": null, "age": null, "gender": null, "ip_address": "2406:7400:10c:3512:ad28:378b:40bf:9bf3", "user_agent": "Mozilla/5.0 (Windows NT 10.0; Win64; x64) AppleWebKit/537.36 (KHTML, like Gecko) Chrome/148.0.0.0 Safari/537.36 Edg/148.0.0.0", "s2s_status": false, "started_at": "2026-05-20T12:47:20.387Z", "completed_at": "2026-05-20T12:47:43.374Z"}}, {"model": "core.respondent", "pk": 18, "fields": {"respondent_id": "RID-7F41FEE8C558", "project": 1, "vendor": 1, "project_vendor": 1, "status": "complete", "previous_status": "started", "vendor_panelist_id": null, "panel_misc_data": null, "reconnect_id": null, "email": null, "zip_code": null, "age": null, "gender": null, "ip_address": "2406:7400:10c:3512:ad28:378b:40bf:9bf3", "user_agent": "Mozilla/5.0 (Windows NT 10.0; Win64; x64) AppleWebKit/537.36 (KHTML, like Gecko) Chrome/148.0.0.0 Safari/537.36 Edg/148.0.0.0", "s2s_status": false, "started_at": "2026-05-20T12:47:47.615Z", "completed_at": "2026-05-20T12:48:11.676Z"}}, {"model": "core.respondent", "pk": 19, "fields": {"respondent_id": "RID-DAA6AE774E5C", "project": 1, "vendor": 1, "project_vendor": 1, "status": "complete", "previous_status": "started", "vendor_panelist_id": null, "panel_misc_data": null, "reconnect_id": null, "email": null, "zip_code": null, "age": null, "gender": null, "ip_address": "2406:7400:10c:3512:ad28:378b:40bf:9bf3", "user_agent": "Mozilla/5.0 (Windows NT 10.0; Win64; x64) AppleWebKit/537.36 (KHTML, like Gecko) Chrome/148.0.0.0 Safari/537.36 Edg/148.0.0.0", "s2s_status": false, "started_at": "2026-05-20T12:48:26.118Z", "completed_at": "2026-05-20T12:49:10.441Z"}}, {"model": "core.respondent", "pk": 20, "fields": {"respondent_id": "RID-FCC8A1A64F61", "project": 1, "vendor": 1, "project_vendor": 1, "status": "quota_full", "previous_status": "started", "vendor_panelist_id": null, "panel_misc_data": null, "reconnect_id": null, "email": null, "zip_code": null, "age": null, "gender": null, "ip_address": "2406:7400:10c:3512:ad28:378b:40bf:9bf3", "user_agent": "Mozilla/5.0 (Windows NT 10.0; Win64; x64) AppleWebKit/537.36 (KHTML, like Gecko) Chrome/148.0.0.0 Safari/537.36 Edg/148.0.0.0", "s2s_status": false, "started_at": "2026-05-20T13:01:14.044Z", "completed_at": "2026-05-20T13:01:14.052Z"}}, {"model": "core.respondent", "pk": 21, "fields": {"respondent_id": "RID-9D119083FA93", "project": 1, "vendor": 1, "project_vendor": 1, "status": "quota_full", "previous_status": "started", "vendor_panelist_id": null, "panel_misc_data": null, "reconnect_id": null, "email": null, "zip_code": null, "age": null, "gender": null, "ip_address": "2406:7400:10c:3512:ad28:378b:40bf:9bf3", "user_agent": "Mozilla/5.0 (Windows NT 10.0; Win64; x64) AppleWebKit/537.36 (KHTML, like Gecko) Chrome/148.0.0.0 Safari/537.36 Edg/148.0.0.0", "s2s_status": false, "started_at": "2026-05-20T13:29:10.926Z", "completed_at": "2026-05-20T13:29:10.926Z"}}, {"model": "core.respondent", "pk": 22, "fields": {"respondent_id": "RID-721A0F428BFE", "project": 1, "vendor": 1, "project_vendor": 1, "status": "complete", "previous_status": "started", "vendor_panelist_id": null, "panel_misc_data": null, "reconnect_id": null, "email": null, "zip_code": null, "age": null, "gender": null, "ip_address": "2406:7400:10c:3512:ad28:378b:40bf:9bf3", "user_agent": "Mozilla/5.0 (Windows NT 10.0; Win64; x64) AppleWebKit/537.36 (KHTML, like Gecko) Chrome/148.0.0.0 Safari/537.36 Edg/148.0.0.0", "s2s_status": false, "started_at": "2026-05-20T13:30:39.294Z", "completed_at": "2026-05-20T13:31:05.079Z"}}, {"model": "core.respondent", "pk": 23, "fields": {"respondent_id": "RID-7BA9D4B9BF03", "project": 1, "vendor": 1, "project_vendor": 1, "status": "quota_full", "previous_status": "started", "vendor_panelist_id": null, "panel_misc_data": null, "reconnect_id": null, "email": null, "zip_code": null, "age": null, "gender": null, "ip_address": "2406:7400:10c:3512:ad28:378b:40bf:9bf3", "user_agent": "Mozilla/5.0 (Windows NT 10.0; Win64; x64) AppleWebKit/537.36 (KHTML, like Gecko) Chrome/148.0.0.0 Safari/537.36 Edg/148.0.0.0", "s2s_status": false, "started_at": "2026-05-20T13:32:02.439Z", "completed_at": "2026-05-20T13:32:02.445Z"}}, {"model": "core.respondent", "pk": 24, "fields": {"respondent_id": "RID-0CF557E8D007", "project": 1, "vendor": 1, "project_vendor": 1, "status": "quota_full", "previous_status": "started", "vendor_panelist_id": null, "panel_misc_data": null, "reconnect_id": null, "email": null, "zip_code": null, "age": null, "gender": null, "ip_address": "2406:7400:10c:3512:ad28:378b:40bf:9bf3", "user_agent": "Mozilla/5.0 (Windows NT 10.0; Win64; x64) AppleWebKit/537.36 (KHTML, like Gecko) Chrome/148.0.0.0 Safari/537.36 Edg/148.0.0.0", "s2s_status": false, "started_at": "2026-05-20T13:32:32.114Z", "completed_at": "2026-05-20T13:32:32.123Z"}}, {"model": "core.respondent", "pk": 25, "fields": {"respondent_id": "RID-2CBDCFC3BBDD", "project": 1, "vendor": 1, "project_vendor": 1, "status": "quota_full", "previous_status": "started", "vendor_panelist_id": null, "panel_misc_data": null, "reconnect_id": null, "email": null, "zip_code": null, "age": null, "gender": null, "ip_address": "2406:7400:10c:3512:80b8:3201:8a93:27a7", "user_agent": "Mozilla/5.0 (Windows NT 10.0; Win64; x64) AppleWebKit/537.36 (KHTML, like Gecko) Chrome/148.0.0.0 Safari/537.36 Edg/148.0.0.0", "s2s_status": false, "started_at": "2026-05-21T05:12:18.803Z", "completed_at": "2026-05-21T05:12:18.803Z"}}, {"model": "core.respondent", "pk": 26, "fields": {"respondent_id": "RID-BF6CE19D8752", "project": 1, "vendor": 1, "project_vendor": 1, "status": "quota_full", "previous_status": "started", "vendor_panelist_id": null, "panel_misc_data": null, "reconnect_id": null, "email": null, "zip_code": null, "age": null, "gender": null, "ip_address": "2406:7400:10c:3512:80b8:3201:8a93:27a7", "user_agent": "Mozilla/5.0 (Windows NT 10.0; Win64; x64) AppleWebKit/537.36 (KHTML, like Gecko) Chrome/148.0.0.0 Safari/537.36 Edg/148.0.0.0", "s2s_status": false, "started_at": "2026-05-21T05:18:53.387Z", "completed_at": "2026-05-21T05:18:53.391Z"}}, {"model": "core.respondent", "pk": 27, "fields": {"respondent_id": "RID-2CE1B96B7B93", "project": 1, "vendor": 1, "project_vendor": 1, "status": "quota_full", "previous_status": "started", "vendor_panelist_id": null, "panel_misc_data": null, "reconnect_id": null, "email": null, "zip_code": null, "age": null, "gender": null, "ip_address": "2406:7400:10c:3512:80b8:3201:8a93:27a7", "user_agent": "Mozilla/5.0 (Windows NT 10.0; Win64; x64) AppleWebKit/537.36 (KHTML, like Gecko) Chrome/148.0.0.0 Safari/537.36 Edg/148.0.0.0", "s2s_status": false, "started_at": "2026-05-21T05:19:46.142Z", "completed_at": "2026-05-21T05:19:46.147Z"}}, {"model": "core.respondent", "pk": 28, "fields": {"respondent_id": "RID-5D0492D45EF7", "project": 2, "vendor": 2, "project_vendor": 2, "status": "started", "previous_status": null, "vendor_panelist_id": null, "panel_misc_data": null, "reconnect_id": null, "email": null, "zip_code": null, "age": null, "gender": null, "ip_address": "2406:7400:10c:3512:80b8:3201:8a93:27a7", "user_agent": "Mozilla/5.0 (Windows NT 10.0; Win64; x64) AppleWebKit/537.36 (KHTML, like Gecko) Chrome/148.0.0.0 Safari/537.36 Edg/148.0.0.0", "s2s_status": false, "started_at": "2026-05-21T05:19:52.050Z", "completed_at": null}}, {"model": "core.respondent", "pk": 29, "fields": {"respondent_id": "RID-62149594F608", "project": 1, "vendor": 1, "project_vendor": 1, "status": "quota_full", "previous_status": "started", "vendor_panelist_id": null, "panel_misc_data": null, "reconnect_id": null, "email": null, "zip_code": null, "age": null, "gender": null, "ip_address": "2406:7400:10c:3512:80b8:3201:8a93:27a7", "user_agent": "Mozilla/5.0 (Windows NT 10.0; Win64; x64) AppleWebKit/537.36 (KHTML, like Gecko) Chrome/148.0.0.0 Safari/537.36 Edg/148.0.0.0", "s2s_status": false, "started_at": "2026-05-21T05:22:38.300Z", "completed_at": "2026-05-21T05:22:38.306Z"}}, {"model": "core.respondent", "pk": 30, "fields": {"respondent_id": "RID-EDCD97071B32", "project": 1, "vendor": 1, "project_vendor": 1, "status": "complete", "previous_status": "started", "vendor_panelist_id": null, "panel_misc_data": null, "reconnect_id": null, "email": null, "zip_code": null, "age": null, "gender": null, "ip_address": "2406:7400:10c:3512:80b8:3201:8a93:27a7", "user_agent": "Mozilla/5.0 (Windows NT 10.0; Win64; x64) AppleWebKit/537.36 (KHTML, like Gecko) Chrome/148.0.0.0 Safari/537.36 Edg/148.0.0.0", "s2s_status": false, "started_at": "2026-05-21T05:24:43.777Z", "completed_at": "2026-05-21T05:25:03.257Z"}}, {"model": "core.respondent", "pk": 31, "fields": {"respondent_id": "RID-F5E56698D5DD", "project": 1, "vendor": 1, "project_vendor": 1, "status": "quota_full", "previous_status": "started", "vendor_panelist_id": null, "panel_misc_data": null, "reconnect_id": null, "email": null, "zip_code": null, "age": null, "gender": null, "ip_address": "2406:7400:10c:3512:80b8:3201:8a93:27a7", "user_agent": "Mozilla/5.0 (Windows NT 10.0; Win64; x64) AppleWebKit/537.36 (KHTML, like Gecko) Chrome/148.0.0.0 Safari/537.36 Edg/148.0.0.0", "s2s_status": false, "started_at": "2026-05-21T05:25:20.597Z", "completed_at": "2026-05-21T05:25:20.606Z"}}, {"model": "core.respondent", "pk": 32, "fields": {"respondent_id": "RID-444CB66AAE19", "project": 1, "vendor": 1, "project_vendor": 1, "status": "quota_full", "previous_status": "started", "vendor_panelist_id": null, "panel_misc_data": null, "reconnect_id": null, "email": null, "zip_code": null, "age": null, "gender": null, "ip_address": "2406:7400:10c:3512:80b8:3201:8a93:27a7", "user_agent": "Mozilla/5.0 (Windows NT 10.0; Win64; x64) AppleWebKit/537.36 (KHTML, like Gecko) Chrome/148.0.0.0 Safari/537.36 Edg/148.0.0.0", "s2s_status": false, "started_at": "2026-05-21T05:36:23.896Z", "completed_at": "2026-05-21T05:36:23.901Z"}}, {"model": "core.respondent", "pk": 33, "fields": {"respondent_id": "RID-4C079BC2A0FE", "project": 1, "vendor": 1, "project_vendor": 1, "status": "quota_full", "previous_status": "started", "vendor_panelist_id": null, "panel_misc_data": null, "reconnect_id": null, "email": null, "zip_code": null, "age": null, "gender": null, "ip_address": "2406:7400:10c:3512:80b8:3201:8a93:27a7", "user_agent": "Mozilla/5.0 (Windows NT 10.0; Win64; x64) AppleWebKit/537.36 (KHTML, like Gecko) Chrome/148.0.0.0 Safari/537.36 Edg/148.0.0.0", "s2s_status": false, "started_at": "2026-05-21T05:37:41.137Z", "completed_at": "2026-05-21T05:37:41.140Z"}}, {"model": "core.respondent", "pk": 34, "fields": {"respondent_id": "RID-1724E1E09FAE", "project": 1, "vendor": 1, "project_vendor": 1, "status": "complete", "previous_status": "started", "vendor_panelist_id": null, "panel_misc_data": null, "reconnect_id": null, "email": null, "zip_code": null, "age": null, "gender": null, "ip_address": "2406:7400:10c:3512:80b8:3201:8a93:27a7", "user_agent": "Mozilla/5.0 (Windows NT 10.0; Win64; x64) AppleWebKit/537.36 (KHTML, like Gecko) Chrome/148.0.0.0 Safari/537.36 Edg/148.0.0.0", "s2s_status": false, "started_at": "2026-05-21T05:46:33.838Z", "completed_at": "2026-05-21T05:47:16.456Z"}}, {"model": "core.respondent", "pk": 35, "fields": {"respondent_id": "RID-E5E4D5FDB735", "project": 1, "vendor": 1, "project_vendor": 1, "status": "complete", "previous_status": "started", "vendor_panelist_id": null, "panel_misc_data": null, "reconnect_id": null, "email": null, "zip_code": null, "age": null, "gender": null, "ip_address": "2406:7400:10c:3512:80b8:3201:8a93:27a7", "user_agent": "Mozilla/5.0 (Windows NT 10.0; Win64; x64) AppleWebKit/537.36 (KHTML, like Gecko) Chrome/148.0.0.0 Safari/537.36 Edg/148.0.0.0", "s2s_status": false, "started_at": "2026-05-21T06:04:55.421Z", "completed_at": "2026-05-21T06:05:15.041Z"}}, {"model": "core.respondent", "pk": 36, "fields": {"respondent_id": "RID-65DF311DF25A", "project": 1, "vendor": 1, "project_vendor": 1, "status": "quota_full", "previous_status": "started", "vendor_panelist_id": null, "panel_misc_data": null, "reconnect_id": null, "email": null, "zip_code": null, "age": null, "gender": null, "ip_address": "2406:7400:10c:3512:80b8:3201:8a93:27a7", "user_agent": "Mozilla/5.0 (Windows NT 10.0; Win64; x64) AppleWebKit/537.36 (KHTML, like Gecko) Chrome/148.0.0.0 Safari/537.36 Edg/148.0.0.0", "s2s_status": false, "started_at": "2026-05-21T06:05:23.344Z", "completed_at": "2026-05-21T06:05:23.351Z"}}, {"model": "core.respondent", "pk": 37, "fields": {"respondent_id": "RID-32EEAD2E558C", "project": 1, "vendor": 1, "project_vendor": 1, "status": "quota_full", "previous_status": "started", "vendor_panelist_id": null, "panel_misc_data": null, "reconnect_id": null, "email": null, "zip_code": null, "age": null, "gender": null, "ip_address": "127.0.0.1", "user_agent": "Mozilla/5.0 (Windows NT 10.0; Win64; x64) AppleWebKit/537.36 (KHTML, like Gecko) Chrome/148.0.0.0 Safari/537.36 Edg/148.0.0.0", "s2s_status": false, "started_at": "2026-05-21T10:23:59.637Z", "completed_at": "2026-05-21T10:23:59.642Z"}}, {"model": "core.respondent", "pk": 43, "fields": {"respondent_id": "RID-6FA5ADB81D3F", "project": 1, "vendor": 1, "project_vendor": 1, "status": "quota_full", "previous_status": "started", "vendor_panelist_id": null, "panel_misc_data": null, "reconnect_id": null, "email": null, "zip_code": null, "age": null, "gender": null, "ip_address": "2406:7400:10c:d5de:107:6876:6b0:2c20", "user_agent": "Mozilla/5.0 (Windows NT 10.0; Win64; x64) AppleWebKit/537.36 (KHTML, like Gecko) Chrome/148.0.0.0 Safari/537.36 Edg/148.0.0.0", "s2s_status": false, "started_at": "2026-05-21T12:02:21.567Z", "completed_at": "2026-05-21T12:02:21.579Z"}}, {"model": "core.respondent", "pk": 45, "fields": {"respondent_id": "RID-5B6201C9BD26", "project": 5, "vendor": 6, "project_vendor": 7, "status": "terminate", "previous_status": "complete", "vendor_panelist_id": null, "panel_misc_data": null, "reconnect_id": null, "email": null, "zip_code": null, "age": null, "gender": null, "ip_address": "2406:7400:10c:d5de:107:6876:6b0:2c20", "user_agent": "Mozilla/5.0 (Windows NT 10.0; Win64; x64) AppleWebKit/537.36 (KHTML, like Gecko) Chrome/148.0.0.0 Safari/537.36 Edg/148.0.0.0", "s2s_status": false, "started_at": "2026-05-21T12:48:01.829Z", "completed_at": "2026-05-21T12:49:41.817Z"}}, {"model": "core.respondent", "pk": 46, "fields": {"respondent_id": "RID-3AC7F830C342", "project": 5, "vendor": 6, "project_vendor": 7, "status": "complete", "previous_status": "started", "vendor_panelist_id": null, "panel_misc_data": null, "reconnect_id": null, "email": null, "zip_code": null, "age": null, "gender": null, "ip_address": "127.0.0.1", "user_agent": "Mozilla/5.0 (Windows NT 10.0; Win64; x64) AppleWebKit/537.36 (KHTML, like Gecko) Chrome/148.0.0.0 Safari/537.36 Edg/148.0.0.0", "s2s_status": false, "started_at": "2026-05-25T05:10:20.459Z", "completed_at": "2026-05-25T05:10:53.694Z"}}, {"model": "core.respondent", "pk": 47, "fields": {"respondent_id": "RID-BB371AC4B85D", "project": 2, "vendor": 2, "project_vendor": 2, "status": "started", "previous_status": null, "vendor_panelist_id": null, "panel_misc_data": null, "reconnect_id": null, "email": null, "zip_code": null, "age": null, "gender": null, "ip_address": "127.0.0.1", "user_agent": "Mozilla/5.0 (Windows NT 10.0; Win64; x64) AppleWebKit/537.36 (KHTML, like Gecko) Chrome/148.0.0.0 Safari/537.36 Edg/148.0.0.0", "s2s_status": false, "started_at": "2026-05-25T05:16:31.585Z", "completed_at": null}}, {"model": "core.respondent", "pk": 48, "fields": {"respondent_id": "RID-F18BC64B3A19", "project": 5, "vendor": 6, "project_vendor": 7, "status": "complete", "previous_status": "started", "vendor_panelist_id": null, "panel_misc_data": null, "reconnect_id": null, "email": null, "zip_code": null, "age": null, "gender": null, "ip_address": "127.0.0.1", "user_agent": "Mozilla/5.0 (Windows NT 10.0; Win64; x64) AppleWebKit/537.36 (KHTML, like Gecko) Chrome/148.0.0.0 Safari/537.36 Edg/148.0.0.0", "s2s_status": false, "started_at": "2026-05-25T06:07:58.476Z", "completed_at": "2026-05-25T06:08:27.419Z"}}, {"model": "core.respondent", "pk": 49, "fields": {"respondent_id": "RID-D176DA14601E", "project": 5, "vendor": 6, "project_vendor": 7, "status": "complete", "previous_status": "started", "vendor_panelist_id": null, "panel_misc_data": null, "reconnect_id": null, "email": null, "zip_code": null, "age": null, "gender": null, "ip_address": "127.0.0.1", "user_agent": "Mozilla/5.0 (Windows NT 10.0; Win64; x64) AppleWebKit/537.36 (KHTML, like Gecko) Chrome/148.0.0.0 Safari/537.36 Edg/148.0.0.0", "s2s_status": false, "started_at": "2026-05-25T06:08:47.625Z", "completed_at": "2026-05-25T06:09:11.184Z"}}, {"model": "core.respondent", "pk": 50, "fields": {"respondent_id": "RID-46F02794A02E", "project": 5, "vendor": 6, "project_vendor": 7, "status": "quota_full", "previous_status": "started", "vendor_panelist_id": null, "panel_misc_data": null, "reconnect_id": null, "email": null, "zip_code": null, "age": null, "gender": null, "ip_address": "127.0.0.1", "user_agent": "Mozilla/5.0 (Windows NT 10.0; Win64; x64) AppleWebKit/537.36 (KHTML, like Gecko) Chrome/148.0.0.0 Safari/537.36 Edg/148.0.0.0", "s2s_status": false, "started_at": "2026-05-25T06:09:17.785Z", "completed_at": "2026-05-25T06:09:17.790Z"}}, {"model": "core.respondent", "pk": 51, "fields": {"respondent_id": "RID-75D3D14CE7FA", "project": 5, "vendor": 2, "project_vendor": 8, "status": "complete", "previous_status": "started", "vendor_panelist_id": null, "panel_misc_data": null, "reconnect_id": null, "email": null, "zip_code": null, "age": null, "gender": null, "ip_address": "127.0.0.1", "user_agent": "Mozilla/5.0 (Windows NT 10.0; Win64; x64) AppleWebKit/537.36 (KHTML, like Gecko) Chrome/148.0.0.0 Safari/537.36 Edg/148.0.0.0", "s2s_status": false, "started_at": "2026-05-25T06:49:12.733Z", "completed_at": "2026-05-25T06:49:43.993Z"}}, {"model": "core.respondent", "pk": 52, "fields": {"respondent_id": "RID-6ABC698C2FF4", "project": 5, "vendor": 2, "project_vendor": 8, "status": "started", "previous_status": null, "vendor_panelist_id": null, "panel_misc_data": null, "reconnect_id": null, "email": null, "zip_code": null, "age": null, "gender": null, "ip_address": "127.0.0.1", "user_agent": "Mozilla/5.0 (Windows NT 10.0; Win64; x64) AppleWebKit/537.36 (KHTML, like Gecko) Chrome/148.0.0.0 Safari/537.36 Edg/148.0.0.0", "s2s_status": false, "started_at": "2026-05-25T06:52:03.065Z", "completed_at": null}}, {"model": "core.respondent", "pk": 53, "fields": {"respondent_id": "RID-5CEFD6A296AC", "project": 5, "vendor": 2, "project_vendor": 8, "status": "terminate", "previous_status": "started", "vendor_panelist_id": null, "panel_misc_data": null, "reconnect_id": null, "email": null, "zip_code": null, "age": null, "gender": null, "ip_address": "127.0.0.1", "user_agent": "Mozilla/5.0 (Windows NT 10.0; Win64; x64) AppleWebKit/537.36 (KHTML, like Gecko) Chrome/148.0.0.0 Safari/537.36 Edg/148.0.0.0", "s2s_status": false, "started_at": "2026-05-25T06:54:15.794Z", "completed_at": "2026-05-25T06:54:41.779Z"}}, {"model": "core.respondent", "pk": 54, "fields": {"respondent_id": "RID-0605412A9471", "project": 5, "vendor": 6, "project_vendor": 7, "status": "quota_full", "previous_status": "started", "vendor_panelist_id": null, "panel_misc_data": null, "reconnect_id": null, "email": null, "zip_code": null, "age": null, "gender": null, "ip_address": "127.0.0.1", "user_agent": "Mozilla/5.0 (Windows NT 10.0; Win64; x64) AppleWebKit/537.36 (KHTML, like Gecko) Chrome/148.0.0.0 Safari/537.36 Edg/148.0.0.0", "s2s_status": false, "started_at": "2026-05-25T06:55:41.862Z", "completed_at": "2026-05-25T06:55:41.870Z"}}, {"model": "core.respondent", "pk": 55, "fields": {"respondent_id": "RID-FF1B4D844F14", "project": 5, "vendor": 6, "project_vendor": 7, "status": "quota_full", "previous_status": "started", "vendor_panelist_id": null, "panel_misc_data": null, "reconnect_id": null, "email": null, "zip_code": null, "age": null, "gender": null, "ip_address": "127.0.0.1", "user_agent": "Mozilla/5.0 (Windows NT 10.0; Win64; x64) AppleWebKit/537.36 (KHTML, like Gecko) Chrome/148.0.0.0 Safari/537.36 Edg/148.0.0.0", "s2s_status": false, "started_at": "2026-05-25T06:56:33.633Z", "completed_at": "2026-05-25T06:56:33.633Z"}}, {"model": "core.respondent", "pk": 56, "fields": {"respondent_id": "RID-5CC0B81E4A1A", "project": 5, "vendor": 2, "project_vendor": 8, "status": "complete", "previous_status": "started", "vendor_panelist_id": null, "panel_misc_data": null, "reconnect_id": null, "email": null, "zip_code": null, "age": null, "gender": null, "ip_address": "127.0.0.1", "user_agent": "Mozilla/5.0 (Windows NT 10.0; Win64; x64) AppleWebKit/537.36 (KHTML, like Gecko) Chrome/148.0.0.0 Safari/537.36 Edg/148.0.0.0", "s2s_status": false, "started_at": "2026-05-25T06:56:53.364Z", "completed_at": "2026-05-25T06:57:39.127Z"}}, {"model": "core.respondent", "pk": 63, "fields": {"respondent_id": "RID-BC358B1D9A5F", "project": 5, "vendor": 2, "project_vendor": 8, "status": "terminate", "previous_status": "started", "vendor_panelist_id": null, "panel_misc_data": null, "reconnect_id": null, "email": null, "zip_code": null, "age": null, "gender": null, "ip_address": "127.0.0.1", "user_agent": "Mozilla/5.0 (Windows NT 10.0; Win64; x64) AppleWebKit/537.36 (KHTML, like Gecko) Chrome/148.0.0.0 Safari/537.36 Edg/148.0.0.0", "s2s_status": false, "started_at": "2026-05-25T09:52:24.330Z", "completed_at": "2026-05-25T09:53:05.165Z"}}, {"model": "core.respondent", "pk": 64, "fields": {"respondent_id": "RID-CD96ADD2B719", "project": 5, "vendor": 6, "project_vendor": 10, "status": "terminate", "previous_status": "started", "vendor_panelist_id": null, "panel_misc_data": null, "reconnect_id": null, "email": null, "zip_code": null, "age": null, "gender": null, "ip_address": "127.0.0.1", "user_agent": "Mozilla/5.0 (Windows NT 10.0; Win64; x64) AppleWebKit/537.36 (KHTML, like Gecko) Chrome/148.0.0.0 Safari/537.36 Edg/148.0.0.0", "s2s_status": false, "started_at": "2026-05-25T09:56:20.452Z", "completed_at": "2026-05-25T09:56:46.257Z"}}, {"model": "core.respondent", "pk": 65, "fields": {"respondent_id": "RID-BA33B6820E4E", "project": 5, "vendor": 6, "project_vendor": 10, "status": "complete", "previous_status": "started", "vendor_panelist_id": null, "panel_misc_data": null, "reconnect_id": null, "email": null, "zip_code": null, "age": null, "gender": null, "ip_address": "127.0.0.1", "user_agent": "Mozilla/5.0 (Windows NT 10.0; Win64; x64) AppleWebKit/537.36 (KHTML, like Gecko) Chrome/148.0.0.0 Safari/537.36 Edg/148.0.0.0", "s2s_status": false, "started_at": "2026-05-25T10:01:47.237Z", "completed_at": "2026-05-25T10:02:16.144Z"}}, {"model": "core.respondent", "pk": 66, "fields": {"respondent_id": "RID-2624F31E1A9F", "project": 5, "vendor": 2, "project_vendor": 8, "status": "started", "previous_status": null, "vendor_panelist_id": null, "panel_misc_data": null, "reconnect_id": null, "email": null, "zip_code": null, "age": null, "gender": null, "ip_address": "2406:7400:10c:17b0:c5e7:1056:f731:c07b", "user_agent": "Mozilla/5.0 (Windows NT 10.0; Win64; x64) AppleWebKit/537.36 (KHTML, like Gecko) Chrome/148.0.0.0 Safari/537.36 Edg/148.0.0.0", "s2s_status": false, "started_at": "2026-05-25T10:45:43.329Z", "completed_at": null}}, {"model": "core.respondent", "pk": 67, "fields": {"respondent_id": "RID-BB9A50D6BCA4", "project": 5, "vendor": 6, "project_vendor": 7, "status": "quota_full", "previous_status": "started", "vendor_panelist_id": null, "panel_misc_data": null, "reconnect_id": null, "email": null, "zip_code": null, "age": null, "gender": null, "ip_address": "2406:7400:10c:17b0:458b:1577:1d4e:4ba5", "user_agent": "Mozilla/5.0 (Windows NT 10.0; Win64; x64) AppleWebKit/537.36 (KHTML, like Gecko) Chrome/148.0.0.0 Safari/537.36 Edg/148.0.0.0", "s2s_status": false, "started_at": "2026-05-25T10:57:27.260Z", "completed_at": "2026-05-25T10:57:27.276Z"}}, {"model": "core.respondent", "pk": 68, "fields": {"respondent_id": "RID-7344B5257B1D", "project": 2, "vendor": 2, "project_vendor": 2, "status": "started", "previous_status": null, "vendor_panelist_id": null, "panel_misc_data": null, "reconnect_id": null, "email": null, "zip_code": null, "age": null, "gender": null, "ip_address": "2406:7400:10c:17b0:458b:1577:1d4e:4ba5", "user_agent": "Mozilla/5.0 (Windows NT 10.0; Win64; x64) AppleWebKit/537.36 (KHTML, like Gecko) Chrome/148.0.0.0 Safari/537.36 Edg/148.0.0.0", "s2s_status": false, "started_at": "2026-05-25T10:58:13.071Z", "completed_at": null}}, {"model": "core.respondent", "pk": 69, "fields": {"respondent_id": "RID-26690EBC32D1", "project": 2, "vendor": 2, "project_vendor": 2, "status": "started", "previous_status": null, "vendor_panelist_id": null, "panel_misc_data": null, "reconnect_id": null, "email": null, "zip_code": null, "age": null, "gender": null, "ip_address": "2401:4900:c8f5:d660:a4d6:6937:3f0f:50a6", "user_agent": "Mozilla/5.0 (Windows NT 10.0; Win64; x64) AppleWebKit/537.36 (KHTML, like Gecko) Chrome/148.0.0.0 Safari/537.36 Edg/148.0.0.0", "s2s_status": false, "started_at": "2026-05-25T11:39:36.100Z", "completed_at": null}}, {"model": "core.respondent", "pk": 70, "fields": {"respondent_id": "RID-09F7D24220EB", "project": 2, "vendor": 2, "project_vendor": 2, "status": "started", "previous_status": null, "vendor_panelist_id": null, "panel_misc_data": null, "reconnect_id": null, "email": null, "zip_code": null, "age": null, "gender": null, "ip_address": "2401:4900:c8f5:d660:a4d6:6937:3f0f:50a6", "user_agent": "Mozilla/5.0 (Windows NT 10.0; Win64; x64) AppleWebKit/537.36 (KHTML, like Gecko) Chrome/148.0.0.0 Safari/537.36 Edg/148.0.0.0", "s2s_status": false, "started_at": "2026-05-25T12:33:19.905Z", "completed_at": null}}, {"model": "core.respondent", "pk": 71, "fields": {"respondent_id": "RID-CA001664E262", "project": 2, "vendor": 2, "project_vendor": 2, "status": "started", "previous_status": null, "vendor_panelist_id": null, "panel_misc_data": null, "reconnect_id": null, "email": null, "zip_code": null, "age": null, "gender": null, "ip_address": "2401:4900:c8f5:d660:a4d6:6937:3f0f:50a6", "user_agent": "Mozilla/5.0 (Windows NT 10.0; Win64; x64) AppleWebKit/537.36 (KHTML, like Gecko) Chrome/148.0.0.0 Safari/537.36 Edg/148.0.0.0", "s2s_status": false, "started_at": "2026-05-25T12:35:56.967Z", "completed_at": null}}, {"model": "core.respondent", "pk": 72, "fields": {"respondent_id": "RID-80BC5682B757", "project": 2, "vendor": 2, "project_vendor": 2, "status": "started", "previous_status": null, "vendor_panelist_id": null, "panel_misc_data": null, "reconnect_id": null, "email": null, "zip_code": null, "age": null, "gender": null, "ip_address": "2401:4900:c8f5:d660:a4d6:6937:3f0f:50a6", "user_agent": "Mozilla/5.0 (Windows NT 10.0; Win64; x64) AppleWebKit/537.36 (KHTML, like Gecko) Chrome/148.0.0.0 Safari/537.36 Edg/148.0.0.0", "s2s_status": false, "started_at": "2026-05-25T12:36:10.472Z", "completed_at": null}}, {"model": "core.respondent", "pk": 73, "fields": {"respondent_id": "RID-A84738EA1E4C", "project": 2, "vendor": 2, "project_vendor": 2, "status": "started", "previous_status": null, "vendor_panelist_id": null, "panel_misc_data": null, "reconnect_id": null, "email": null, "zip_code": null, "age": null, "gender": null, "ip_address": "2401:4900:c8f5:d660:a4d6:6937:3f0f:50a6", "user_agent": "Mozilla/5.0 (Windows NT 10.0; Win64; x64) AppleWebKit/537.36 (KHTML, like Gecko) Chrome/148.0.0.0 Safari/537.36 Edg/148.0.0.0", "s2s_status": false, "started_at": "2026-05-25T12:41:19.135Z", "completed_at": null}}, {"model": "core.respondent", "pk": 74, "fields": {"respondent_id": "RID-27E5053846C9", "project": 2, "vendor": 2, "project_vendor": 2, "status": "started", "previous_status": null, "vendor_panelist_id": null, "panel_misc_data": null, "reconnect_id": null, "email": null, "zip_code": null, "age": null, "gender": null, "ip_address": "2401:4900:c8f5:d660:a4d6:6937:3f0f:50a6", "user_agent": "Mozilla/5.0 (Windows NT 10.0; Win64; x64) AppleWebKit/537.36 (KHTML, like Gecko) Chrome/148.0.0.0 Safari/537.36 Edg/148.0.0.0", "s2s_status": false, "started_at": "2026-05-25T12:44:34.539Z", "completed_at": null}}, {"model": "core.respondent", "pk": 75, "fields": {"respondent_id": "RID-2C03564AC63C", "project": 2, "vendor": 2, "project_vendor": 2, "status": "started", "previous_status": null, "vendor_panelist_id": null, "panel_misc_data": null, "reconnect_id": null, "email": null, "zip_code": null, "age": null, "gender": null, "ip_address": "2401:4900:c8f5:d660:a4d6:6937:3f0f:50a6", "user_agent": "Mozilla/5.0 (Windows NT 10.0; Win64; x64) AppleWebKit/537.36 (KHTML, like Gecko) Chrome/148.0.0.0 Safari/537.36 Edg/148.0.0.0", "s2s_status": false, "started_at": "2026-05-25T13:07:41.404Z", "completed_at": null}}, {"model": "core.respondent", "pk": 76, "fields": {"respondent_id": "RID-DE08DEF6C001", "project": 2, "vendor": 1, "project_vendor": 11, "status": "started", "previous_status": null, "vendor_panelist_id": null, "panel_misc_data": null, "reconnect_id": null, "email": null, "zip_code": null, "age": null, "gender": null, "ip_address": "2401:4900:c8f5:d660:a4d6:6937:3f0f:50a6", "user_agent": "Mozilla/5.0 (iPhone; CPU iPhone OS 18_5 like Mac OS X) AppleWebKit/605.1.15 (KHTML, like Gecko) Version/18.5 Mobile/15E148 Safari/604.1 Edg/148.0.0.0", "s2s_status": false, "started_at": "2026-05-25T13:09:19.682Z", "completed_at": null}}, {"model": "core.respondent", "pk": 77, "fields": {"respondent_id": "RID-EF8A36DB26B0", "project": 2, "vendor": 1, "project_vendor": 11, "status": "started", "previous_status": null, "vendor_panelist_id": null, "panel_misc_data": null, "reconnect_id": null, "email": null, "zip_code": null, "age": null, "gender": null, "ip_address": "2401:4900:c8f5:d660:a4d6:6937:3f0f:50a6", "user_agent": "Mozilla/5.0 (iPhone; CPU iPhone OS 18_5 like Mac OS X) AppleWebKit/605.1.15 (KHTML, like Gecko) Version/18.5 Mobile/15E148 Safari/604.1 Edg/148.0.0.0", "s2s_status": false, "started_at": "2026-05-25T13:13:45.484Z", "completed_at": null}}, {"model": "core.respondent", "pk": 78, "fields": {"respondent_id": "RID-3F74931BF6E3", "project": 5, "vendor": 6, "project_vendor": 10, "status": "complete", "previous_status": "started", "vendor_panelist_id": null, "panel_misc_data": null, "reconnect_id": null, "email": null, "zip_code": null, "age": null, "gender": null, "ip_address": "2401:4900:c8f5:d660:a4d6:6937:3f0f:50a6", "user_agent": "Mozilla/5.0 (Windows NT 10.0; Win64; x64) AppleWebKit/537.36 (KHTML, like Gecko) Chrome/148.0.0.0 Safari/537.36 Edg/148.0.0.0", "s2s_status": false, "started_at": "2026-05-25T13:27:25.706Z", "completed_at": "2026-05-25T13:28:00.948Z"}}, {"model": "core.respondent", "pk": 79, "fields": {"respondent_id": "RID-36677D1272BD", "project": 5, "vendor": 6, "project_vendor": 10, "status": "complete", "previous_status": "started", "vendor_panelist_id": null, "panel_misc_data": null, "reconnect_id": null, "email": null, "zip_code": null, "age": null, "gender": null, "ip_address": "2401:4900:c8f5:d660:a4d6:6937:3f0f:50a6", "user_agent": "Mozilla/5.0 (Windows NT 10.0; Win64; x64) AppleWebKit/537.36 (KHTML, like Gecko) Chrome/148.0.0.0 Safari/537.36 Edg/148.0.0.0", "s2s_status": false, "started_at": "2026-05-25T13:54:45.566Z", "completed_at": "2026-05-25T13:55:17.242Z"}}, {"model": "core.respondent", "pk": 80, "fields": {"respondent_id": "RID-0FA5F6333744", "project": 5, "vendor": 6, "project_vendor": 10, "status": "terminate", "previous_status": "started", "vendor_panelist_id": null, "panel_misc_data": null, "reconnect_id": null, "email": null, "zip_code": null, "age": null, "gender": null, "ip_address": "2401:4900:c8f5:d660:a4d6:6937:3f0f:50a6", "user_agent": "Mozilla/5.0 (Windows NT 10.0; Win64; x64) AppleWebKit/537.36 (KHTML, like Gecko) Chrome/148.0.0.0 Safari/537.36 Edg/148.0.0.0", "s2s_status": false, "started_at": "2026-05-25T13:59:36.096Z", "completed_at": "2026-05-25T14:01:02.446Z"}}, {"model": "core.respondent", "pk": 81, "fields": {"respondent_id": "RID-93D25A035311", "project": 5, "vendor": 6, "project_vendor": 10, "status": "terminate", "previous_status": "started", "vendor_panelist_id": null, "panel_misc_data": null, "reconnect_id": null, "email": null, "zip_code": null, "age": null, "gender": null, "ip_address": "2406:7400:10c:c7b5:75e2:3c7b:fe13:7341", "user_agent": "Mozilla/5.0 (Windows NT 10.0; Win64; x64) AppleWebKit/537.36 (KHTML, like Gecko) Chrome/148.0.0.0 Safari/537.36 Edg/148.0.0.0", "s2s_status": false, "started_at": "2026-05-27T06:55:33.530Z", "completed_at": "2026-05-27T06:55:55.131Z"}}, {"model": "core.respondent", "pk": 82, "fields": {"respondent_id": "RID-7F64A869F96E", "project": 5, "vendor": 6, "project_vendor": 10, "status": "complete", "previous_status": "started", "vendor_panelist_id": null, "panel_misc_data": null, "reconnect_id": null, "email": null, "zip_code": null, "age": null, "gender": null, "ip_address": "2406:7400:10c:c7b5:75e2:3c7b:fe13:7341", "user_agent": "Mozilla/5.0 (Windows NT 10.0; Win64; x64) AppleWebKit/537.36 (KHTML, like Gecko) Chrome/148.0.0.0 Safari/537.36 Edg/148.0.0.0", "s2s_status": false, "started_at": "2026-05-27T07:08:19.173Z", "completed_at": "2026-05-27T07:08:41.086Z"}}, {"model": "core.respondent", "pk": 83, "fields": {"respondent_id": "RID-D2A0A8889E08", "project": 1, "vendor": 1, "project_vendor": 1, "status": "quota_full", "previous_status": "started", "vendor_panelist_id": null, "panel_misc_data": null, "reconnect_id": null, "email": null, "zip_code": null, "age": null, "gender": null, "ip_address": "2406:7400:10c:c7b5:75e2:3c7b:fe13:7341", "user_agent": "Mozilla/5.0 (Windows NT 10.0; Win64; x64) AppleWebKit/537.36 (KHTML, like Gecko) Chrome/148.0.0.0 Safari/537.36 Edg/148.0.0.0", "s2s_status": false, "started_at": "2026-05-27T07:40:13.439Z", "completed_at": "2026-05-27T07:40:13.451Z"}}, {"model": "core.respondent", "pk": 84, "fields": {"respondent_id": "RID-9DD882CBA20C", "project": 5, "vendor": 6, "project_vendor": 7, "status": "quota_full", "previous_status": "started", "vendor_panelist_id": null, "panel_misc_data": null, "reconnect_id": null, "email": null, "zip_code": null, "age": null, "gender": null, "ip_address": "2406:7400:10c:c7b5:7db9:e58a:f107:2ebe", "user_agent": "Mozilla/5.0 (Windows NT 10.0; Win64; x64) AppleWebKit/537.36 (KHTML, like Gecko) Chrome/148.0.0.0 Safari/537.36 Edg/148.0.0.0", "s2s_status": false, "started_at": "2026-05-27T13:30:41.709Z", "completed_at": "2026-05-27T13:30:41.726Z"}}, {"model": "core.respondent", "pk": 85, "fields": {"respondent_id": "RID-0913427CE2AE", "project": 5, "vendor": 2, "project_vendor": 8, "status": "started", "previous_status": null, "vendor_panelist_id": null, "panel_misc_data": null, "reconnect_id": null, "email": null, "zip_code": null, "age": null, "gender": null, "ip_address": "2406:7400:10c:c7b5:7db9:e58a:f107:2ebe", "user_agent": "Mozilla/5.0 (Windows NT 10.0; Win64; x64) AppleWebKit/537.36 (KHTML, like Gecko) Chrome/148.0.0.0 Safari/537.36 Edg/148.0.0.0", "s2s_status": false, "started_at": "2026-05-27T13:32:57.730Z", "completed_at": null}}, {"model": "core.respondent", "pk": 86, "fields": {"respondent_id": "RID-D366ACF1057E", "project": 5, "vendor": 6, "project_vendor": 10, "status": "started", "previous_status": null, "vendor_panelist_id": null, "panel_misc_data": null, "reconnect_id": null, "email": null, "zip_code": null, "age": null, "gender": null, "ip_address": "2406:7400:10c:c7b5:3d09:2a44:3974:622f", "user_agent": "Mozilla/5.0 (Windows NT 10.0; Win64; x64) AppleWebKit/537.36 (KHTML, like Gecko) Chrome/148.0.0.0 Safari/537.36 Edg/148.0.0.0", "s2s_status": false, "started_at": "2026-05-28T05:07:36.672Z", "completed_at": null}}, {"model": "core.respondent", "pk": 87, "fields": {"respondent_id": "RID-317C7FD367DC", "project": 5, "vendor": 2, "project_vendor": 8, "status": "complete", "previous_status": "started", "vendor_panelist_id": null, "panel_misc_data": null, "reconnect_id": null, "email": null, "zip_code": null, "age": null, "gender": null, "ip_address": "2406:7400:10c:c7b5:51dd:3795:f9c1:7c61", "user_agent": "Mozilla/5.0 (Windows NT 10.0; Win64; x64) AppleWebKit/537.36 (KHTML, like Gecko) Chrome/148.0.0.0 Safari/537.36 Edg/148.0.0.0", "s2s_status": false, "started_at": "2026-05-28T09:54:59.757Z", "completed_at": "2026-05-28T09:55:19.967Z"}}, {"model": "core.respondent", "pk": 88, "fields": {"respondent_id": "RID-411EF0A8AE13", "project": 5, "vendor": 6, "project_vendor": 10, "status": "complete", "previous_status": "started", "vendor_panelist_id": null, "panel_misc_data": null, "reconnect_id": null, "email": null, "zip_code": null, "age": null, "gender": null, "ip_address": "2406:7400:10c:c7b5:51dd:3795:f9c1:7c61", "user_agent": "Mozilla/5.0 (Windows NT 10.0; Win64; x64) AppleWebKit/537.36 (KHTML, like Gecko) Chrome/148.0.0.0 Safari/537.36 Edg/148.0.0.0", "s2s_status": false, "started_at": "2026-05-28T10:31:46.975Z", "completed_at": "2026-05-28T10:33:22.841Z"}}, {"model": "core.respondent", "pk": 89, "fields": {"respondent_id": "RID-5893FF51C7D9", "project": 7, "vendor": 8, "project_vendor": 13, "status": "complete", "previous_status": "started", "vendor_panelist_id": "VEN999", "panel_misc_data": null, "reconnect_id": null, "email": null, "zip_code": null, "age": null, "gender": null, "ip_address": "2406:7400:10c:c7b5:51dd:3795:f9c1:7c61", "user_agent": "Mozilla/5.0 (Windows NT 10.0; Win64; x64) AppleWebKit/537.36 (KHTML, like Gecko) Chrome/148.0.0.0 Safari/537.36 Edg/148.0.0.0", "s2s_status": false, "started_at": "2026-05-28T10:58:42.281Z", "completed_at": "2026-05-28T11:00:37.190Z"}}, {"model": "core.respondent", "pk": 90, "fields": {"respondent_id": "RID-93889295D30D", "project": 7, "vendor": 8, "project_vendor": 13, "status": "complete", "previous_status": "complete", "vendor_panelist_id": "VEN999", "panel_misc_data": null, "reconnect_id": null, "email": null, "zip_code": null, "age": null, "gender": null, "ip_address": "2406:7400:10c:c7b5:51dd:3795:f9c1:7c61", "user_agent": "Mozilla/5.0 (Windows NT 10.0; Win64; x64) AppleWebKit/537.36 (KHTML, like Gecko) Chrome/148.0.0.0 Safari/537.36 Edg/148.0.0.0", "s2s_status": true, "started_at": "2026-05-28T11:08:27.558Z", "completed_at": "2026-05-28T11:19:31.876Z"}}, {"model": "core.respondent", "pk": 91, "fields": {"respondent_id": "RID-4D0331270839", "project": 7, "vendor": 8, "project_vendor": 16, "status": "terminate", "previous_status": "started", "vendor_panelist_id": null, "panel_misc_data": null, "reconnect_id": null, "email": null, "zip_code": null, "age": null, "gender": null, "ip_address": "2406:7400:10c:7850:e0dc:cfa9:a31d:afbb", "user_agent": "Mozilla/5.0 (Windows NT 10.0; Win64; x64) AppleWebKit/537.36 (KHTML, like Gecko) Chrome/148.0.0.0 Safari/537.36 Edg/148.0.0.0", "s2s_status": false, "started_at": "2026-05-29T05:24:20.486Z", "completed_at": "2026-05-29T05:24:38.389Z"}}, {"model": "core.respondent", "pk": 92, "fields": {"respondent_id": "RID-4C25D20724B4", "project": 7, "vendor": 8, "project_vendor": 16, "status": "complete", "previous_status": "started", "vendor_panelist_id": null, "panel_misc_data": null, "reconnect_id": null, "email": null, "zip_code": null, "age": null, "gender": null, "ip_address": "2406:7400:10c:7850:e0dc:cfa9:a31d:afbb", "user_agent": "Mozilla/5.0 (Windows NT 10.0; Win64; x64) AppleWebKit/537.36 (KHTML, like Gecko) Chrome/148.0.0.0 Safari/537.36 Edg/148.0.0.0", "s2s_status": false, "started_at": "2026-05-29T05:24:52.900Z", "completed_at": "2026-05-29T05:25:11.470Z"}}, {"model": "core.respondent", "pk": 93, "fields": {"respondent_id": "RID-C29C4C08F3C6", "project": 7, "vendor": 8, "project_vendor": 16, "status": "complete", "previous_status": "started", "vendor_panelist_id": null, "panel_misc_data": null, "reconnect_id": null, "email": null, "zip_code": null, "age": null, "gender": null, "ip_address": "2406:7400:10c:7850:e0dc:cfa9:a31d:afbb", "user_agent": "Mozilla/5.0 (Windows NT 10.0; Win64; x64) AppleWebKit/537.36 (KHTML, like Gecko) Chrome/148.0.0.0 Safari/537.36 Edg/148.0.0.0", "s2s_status": false, "started_at": "2026-05-29T05:27:18.554Z", "completed_at": "2026-05-29T05:27:37.868Z"}}, {"model": "core.respondent", "pk": 94, "fields": {"respondent_id": "RID-8E1A18F4A696", "project": 7, "vendor": 8, "project_vendor": 13, "status": "complete", "previous_status": "started", "vendor_panelist_id": null, "panel_misc_data": null, "reconnect_id": null, "email": null, "zip_code": null, "age": null, "gender": null, "ip_address": "2406:7400:10c:7850:e0dc:cfa9:a31d:afbb", "user_agent": "Mozilla/5.0 (Windows NT 10.0; Win64; x64) AppleWebKit/537.36 (KHTML, like Gecko) Chrome/148.0.0.0 Safari/537.36 Edg/148.0.0.0", "s2s_status": false, "started_at": "2026-05-29T05:30:17.342Z", "completed_at": "2026-05-29T05:30:37.083Z"}}, {"model": "core.respondent", "pk": 95, "fields": {"respondent_id": "RID-0E38D8AE19EC", "project": 5, "vendor": 8, "project_vendor": 12, "status": "complete", "previous_status": "started", "vendor_panelist_id": "VEN999", "panel_misc_data": null, "reconnect_id": null, "email": null, "zip_code": null, "age": null, "gender": null, "ip_address": "2406:7400:10c:7850:e0dc:cfa9:a31d:afbb", "user_agent": "Mozilla/5.0 (Windows NT 10.0; Win64; x64) AppleWebKit/537.36 (KHTML, like Gecko) Chrome/148.0.0.0 Safari/537.36 Edg/148.0.0.0", "s2s_status": false, "started_at": "2026-05-29T05:37:46.284Z", "completed_at": "2026-05-29T05:38:06.180Z"}}, {"model": "core.respondent", "pk": 96, "fields": {"respondent_id": "RID-2332A562F951", "project": 5, "vendor": 2, "project_vendor": 8, "status": "started", "previous_status": null, "vendor_panelist_id": null, "panel_misc_data": null, "reconnect_id": null, "email": null, "zip_code": null, "age": null, "gender": null, "ip_address": "2406:7400:10c:7850:3c3d:8afe:87f8:153c", "user_agent": "Mozilla/5.0 (Windows NT 10.0; Win64; x64) AppleWebKit/537.36 (KHTML, like Gecko) Chrome/148.0.0.0 Safari/537.36 Edg/148.0.0.0", "s2s_status": false, "started_at": "2026-05-29T05:58:56.982Z", "completed_at": null}}, {"model": "core.respondent", "pk": 97, "fields": {"respondent_id": "RID-E7E4F46FC479", "project": 5, "vendor": 2, "project_vendor": 8, "status": "complete", "previous_status": "started", "vendor_panelist_id": "VEN999", "panel_misc_data": "VEN999", "reconnect_id": null, "email": null, "zip_code": null, "age": null, "gender": null, "ip_address": "2406:7400:10c:7850:3c3d:8afe:87f8:153c", "user_agent": "Mozilla/5.0 (Windows NT 10.0; Win64; x64) AppleWebKit/537.36 (KHTML, like Gecko) Chrome/148.0.0.0 Safari/537.36 Edg/148.0.0.0", "s2s_status": false, "started_at": "2026-05-29T05:59:24.532Z", "completed_at": "2026-05-29T05:59:44.986Z"}}, {"model": "core.respondent", "pk": 98, "fields": {"respondent_id": "RID-CA3583C4ECD5", "project": 5, "vendor": 8, "project_vendor": 12, "status": "complete", "previous_status": "started", "vendor_panelist_id": "VEN999", "panel_misc_data": "VEN999", "reconnect_id": null, "email": null, "zip_code": null, "age": null, "gender": null, "ip_address": "2406:7400:10c:7850:3c3d:8afe:87f8:153c", "user_agent": "Mozilla/5.0 (Windows NT 10.0; Win64; x64) AppleWebKit/537.36 (KHTML, like Gecko) Chrome/148.0.0.0 Safari/537.36 Edg/148.0.0.0", "s2s_status": false, "started_at": "2026-05-29T06:01:19.393Z", "completed_at": "2026-05-29T06:01:39.064Z"}}, {"model": "core.respondent", "pk": 99, "fields": {"respondent_id": "RID-4A38F47D9C4C", "project": 8, "vendor": 10, "project_vendor": 17, "status": "complete", "previous_status": "started", "vendor_panelist_id": "VEN001", "panel_misc_data": null, "reconnect_id": null, "email": null, "zip_code": null, "age": null, "gender": null, "ip_address": "2406:7400:10c:826c:91e:b955:23de:358f", "user_agent": "Mozilla/5.0 (Windows NT 10.0; Win64; x64) AppleWebKit/537.36 (KHTML, like Gecko) Chrome/148.0.0.0 Safari/537.36 Edg/148.0.0.0", "s2s_status": false, "started_at": "2026-05-29T11:56:03.484Z", "completed_at": "2026-05-29T11:57:00.907Z"}}, {"model": "core.respondent", "pk": 100, "fields": {"respondent_id": "RID-B2455764049B", "project": 8, "vendor": 10, "project_vendor": 17, "status": "terminate", "previous_status": "started", "vendor_panelist_id": "VEN001", "panel_misc_data": null, "reconnect_id": null, "email": null, "zip_code": null, "age": null, "gender": null, "ip_address": "2406:7400:10c:826c:91e:b955:23de:358f", "user_agent": "Mozilla/5.0 (Windows NT 10.0; Win64; x64) AppleWebKit/537.36 (KHTML, like Gecko) Chrome/148.0.0.0 Safari/537.36 Edg/148.0.0.0", "s2s_status": false, "started_at": "2026-05-29T11:59:11.233Z", "completed_at": "2026-05-29T11:59:31.010Z"}}, {"model": "core.respondent", "pk": 101, "fields": {"respondent_id": "RID-61CE8D902B16", "project": 8, "vendor": 10, "project_vendor": 17, "status": "complete", "previous_status": "started", "vendor_panelist_id": "VEN001", "panel_misc_data": null, "reconnect_id": null, "email": null, "zip_code": null, "age": null, "gender": null, "ip_address": "2406:7400:10c:826c:91e:b955:23de:358f", "user_agent": "Mozilla/5.0 (Windows NT 10.0; Win64; x64) AppleWebKit/537.36 (KHTML, like Gecko) Chrome/148.0.0.0 Safari/537.36 Edg/148.0.0.0", "s2s_status": false, "started_at": "2026-05-29T12:00:43.247Z", "completed_at": "2026-05-29T12:01:03.796Z"}}, {"model": "core.respondent", "pk": 102, "fields": {"respondent_id": "RID-8DEAD6F7344E", "project": 8, "vendor": 10, "project_vendor": 17, "status": "complete", "previous_status": "started", "vendor_panelist_id": "VEN001", "panel_misc_data": null, "reconnect_id": null, "email": null, "zip_code": null, "age": null, "gender": null, "ip_address": "2406:7400:10c:826c:91e:b955:23de:358f", "user_agent": "Mozilla/5.0 (Windows NT 10.0; Win64; x64) AppleWebKit/537.36 (KHTML, like Gecko) Chrome/148.0.0.0 Safari/537.36 Edg/148.0.0.0", "s2s_status": false, "started_at": "2026-05-29T12:05:05.690Z", "completed_at": "2026-05-29T12:05:23.917Z"}}, {"model": "core.respondent", "pk": 103, "fields": {"respondent_id": "RID-586C2585E14B", "project": 8, "vendor": 10, "project_vendor": 17, "status": "quota_full", "previous_status": "started", "vendor_panelist_id": "VEN001", "panel_misc_data": null, "reconnect_id": null, "email": null, "zip_code": null, "age": null, "gender": null, "ip_address": "2406:7400:10c:826c:91e:b955:23de:358f", "user_agent": "Mozilla/5.0 (Windows NT 10.0; Win64; x64) AppleWebKit/537.36 (KHTML, like Gecko) Chrome/148.0.0.0 Safari/537.36", "s2s_status": false, "started_at": "2026-05-29T12:08:27.197Z", "completed_at": "2026-05-29T12:08:27.200Z"}}, {"model": "core.respondent", "pk": 104, "fields": {"respondent_id": "RID-176576E509C3", "project": 8, "vendor": 10, "project_vendor": 18, "status": "terminate", "previous_status": "started", "vendor_panelist_id": null, "panel_misc_data": null, "reconnect_id": null, "email": null, "zip_code": null, "age": null, "gender": null, "ip_address": "2406:7400:10c:826c:91e:b955:23de:358f", "user_agent": "Mozilla/5.0 (iPhone; CPU iPhone OS 18_5 like Mac OS X) AppleWebKit/605.1.15 (KHTML, like Gecko) Version/18.5 Mobile/15E148 Safari/604.1 Edg/148.0.0.0", "s2s_status": false, "started_at": "2026-05-29T12:09:46.569Z", "completed_at": "2026-05-29T12:10:10.260Z"}}, {"model": "core.respondent", "pk": 105, "fields": {"respondent_id": "RID-0918F41AEDFA", "project": 8, "vendor": 10, "project_vendor": 18, "status": "complete", "previous_status": "started", "vendor_panelist_id": "VEN002", "panel_misc_data": null, "reconnect_id": null, "email": null, "zip_code": null, "age": null, "gender": null, "ip_address": "2406:7400:10c:826c:91e:b955:23de:358f", "user_agent": "Mozilla/5.0 (iPhone; CPU iPhone OS 18_5 like Mac OS X) AppleWebKit/605.1.15 (KHTML, like Gecko) Version/18.5 Mobile/15E148 Safari/604.1 Edg/148.0.0.0", "s2s_status": false, "started_at": "2026-05-29T12:10:59.046Z", "completed_at": "2026-05-29T12:11:18.498Z"}}, {"model": "core.respondent", "pk": 106, "fields": {"respondent_id": "RID-64A09B3413B5", "project": 8, "vendor": 10, "project_vendor": 17, "status": "quota_full", "previous_status": "started", "vendor_panelist_id": null, "panel_misc_data": null, "reconnect_id": null, "email": null, "zip_code": null, "age": null, "gender": null, "ip_address": "2406:7400:10c:7d05:2043:6238:5ce:79b6", "user_agent": "Mozilla/5.0 (Windows NT 10.0; Win64; x64) AppleWebKit/537.36 (KHTML, like Gecko) Chrome/148.0.0.0 Safari/537.36 Edg/148.0.0.0", "s2s_status": false, "started_at": "2026-06-01T05:41:50.919Z", "completed_at": "2026-06-01T05:41:50.929Z"}}, {"model": "core.respondent", "pk": 107, "fields": {"respondent_id": "RID-BF3A0B47D5D5", "project": 8, "vendor": 10, "project_vendor": 18, "status": "complete", "previous_status": "started", "vendor_panelist_id": null, "panel_misc_data": null, "reconnect_id": null, "email": null, "zip_code": null, "age": null, "gender": null, "ip_address": "2406:7400:10c:7d05:2043:6238:5ce:79b6", "user_agent": "Mozilla/5.0 (Windows NT 10.0; Win64; x64) AppleWebKit/537.36 (KHTML, like Gecko) Chrome/148.0.0.0 Safari/537.36 Edg/148.0.0.0", "s2s_status": false, "started_at": "2026-06-01T05:42:14.301Z", "completed_at": "2026-06-01T05:54:06.954Z"}}, {"model": "core.respondent", "pk": 108, "fields": {"respondent_id": "RID-98ADFDF5FEF1", "project": 8, "vendor": 10, "project_vendor": 18, "status": "terminate", "previous_status": "started", "vendor_panelist_id": null, "panel_misc_data": null, "reconnect_id": null, "email": null, "zip_code": null, "age": null, "gender": null, "ip_address": "2406:7400:10c:7d05:2043:6238:5ce:79b6", "user_agent": "Mozilla/5.0 (Windows NT 10.0; Win64; x64) AppleWebKit/537.36 (KHTML, like Gecko) Chrome/148.0.0.0 Safari/537.36", "s2s_status": false, "started_at": "2026-06-01T06:00:05.040Z", "completed_at": "2026-06-01T06:01:44.849Z"}}, {"model": "core.respondent", "pk": 109, "fields": {"respondent_id": "RID-94F83E71818C", "project": 8, "vendor": 1, "project_vendor": 20, "status": "complete", "previous_status": "started", "vendor_panelist_id": null, "panel_misc_data": null, "reconnect_id": null, "email": null, "zip_code": null, "age": null, "gender": null, "ip_address": "2406:7400:10c:9459:c138:3162:c738:5608", "user_agent": "Mozilla/5.0 (Windows NT 10.0; Win64; x64) AppleWebKit/537.36 (KHTML, like Gecko) Chrome/148.0.0.0 Safari/537.36 Edg/148.0.0.0", "s2s_status": true, "started_at": "2026-06-01T10:18:52.366Z", "completed_at": "2026-06-01T10:19:12.401Z"}}, {"model": "core.redirectlog", "pk": 7, "fields": {"respondent": 4, "redirect_type": "client_survey_start", "redirect_url": "https://form.jotform.com/261383078966066?rid=RID-FEC8C8939683", "created_at": "2026-05-19T13:22:15.917Z"}}, {"model": "core.redirectlog", "pk": 8, "fields": {"respondent": 5, "redirect_type": "client_survey_start", "redirect_url": "https://form.jotform.com/261383078966066?rid=RID-CAAE161F339B", "created_at": "2026-05-20T04:59:47.280Z"}}, {"model": "core.redirectlog", "pk": 9, "fields": {"respondent": 5, "redirect_type": "complete", "redirect_url": "https://vendor.com/complete?rid=RID-CAAE161F339B", "created_at": "2026-05-20T05:08:07.048Z"}}, {"model": "core.redirectlog", "pk": 10, "fields": {"respondent": 6, "redirect_type": "client_survey_start", "redirect_url": "https://form.jotform.com/261383078966066?rid=RID-2B441F10F99C", "created_at": "2026-05-20T07:51:28.879Z"}}, {"model": "core.redirectlog", "pk": 11, "fields": {"respondent": 7, "redirect_type": "client_survey_start", "redirect_url": "https://form.jotform.com/261383078966066?rid=RID-5C442B53EC97", "created_at": "2026-05-20T08:00:22.392Z"}}, {"model": "core.redirectlog", "pk": 12, "fields": {"respondent": 7, "redirect_type": "complete", "redirect_url": "https://vendor.com/complete?rid=RID-5C442B53EC97", "created_at": "2026-05-20T08:00:53.718Z"}}, {"model": "core.redirectlog", "pk": 13, "fields": {"respondent": 8, "redirect_type": "client_survey_start", "redirect_url": "https://form.jotform.com/261383078966066?rid=RID-D1877DB94A35", "created_at": "2026-05-20T08:09:47.267Z"}}, {"model": "core.redirectlog", "pk": 14, "fields": {"respondent": 8, "redirect_type": "complete", "redirect_url": "https://vendor.com/complete?rid=RID-D1877DB94A35", "created_at": "2026-05-20T08:10:54.250Z"}}, {"model": "core.redirectlog", "pk": 15, "fields": {"respondent": 9, "redirect_type": "client_survey_start", "redirect_url": "https://survey.sogolytics.com/r/st1d4w?RID=RID-29D68CD86A3C", "created_at": "2026-05-20T08:34:39.907Z"}}, {"model": "core.redirectlog", "pk": 16, "fields": {"respondent": 10, "redirect_type": "client_survey_start", "redirect_url": "https://survey.sogolytics.com/r/st1d4w?RID=RID-DEA15827F6FE", "created_at": "2026-05-20T09:45:23.872Z"}}, {"model": "core.redirectlog", "pk": 17, "fields": {"respondent": 11, "redirect_type": "client_survey_start", "redirect_url": "https://survey.sogolytics.com/r/st1d4w?Q2=RID-8835873F78D1", "created_at": "2026-05-20T10:05:33.686Z"}}, {"model": "core.redirectlog", "pk": 18, "fields": {"respondent": 12, "redirect_type": "client_survey_start", "redirect_url": "https://survey.sogolytics.com/r/st1d4w?Q2=RID-DDBDDE1B867E", "created_at": "2026-05-20T10:09:54.444Z"}}, {"model": "core.redirectlog", "pk": 19, "fields": {"respondent": 13, "redirect_type": "client_survey_start", "redirect_url": "https://survey.sogolytics.com/r/9Y4BncQ2=RID-9BB13CC799A6", "created_at": "2026-05-20T10:11:54.433Z"}}, {"model": "core.redirectlog", "pk": 20, "fields": {"respondent": 14, "redirect_type": "client_survey_start", "redirect_url": "https://survey.sogolytics.com/r/9Y4Bnc?Q2=RID-8395A68711C6", "created_at": "2026-05-20T10:16:14.327Z"}}, {"model": "core.redirectlog", "pk": 21, "fields": {"respondent": 15, "redirect_type": "client_survey_start", "redirect_url": "https://form.jotform.com/261383078966066?rid=RID-8BCFA22B3522", "created_at": "2026-05-20T11:36:04.648Z"}}, {"model": "core.redirectlog", "pk": 22, "fields": {"respondent": 15, "redirect_type": "complete", "redirect_url": "https://vendor.com/complete?rid=RID-8BCFA22B3522", "created_at": "2026-05-20T11:36:38.514Z"}}, {"model": "core.redirectlog", "pk": 23, "fields": {"respondent": 15, "redirect_type": "terminate", "redirect_url": "https://vendor.com/terminate?rid=RID-8BCFA22B3522", "created_at": "2026-05-20T11:44:29.682Z"}}, {"model": "core.redirectlog", "pk": 24, "fields": {"respondent": 7, "redirect_type": "quota_full", "redirect_url": "https://vendor.com/quota-full?rid=RID-5C442B53EC97", "created_at": "2026-05-20T11:45:44.004Z"}}, {"model": "core.redirectlog", "pk": 25, "fields": {"respondent": 16, "redirect_type": "client_survey_start", "redirect_url": "https://form.jotform.com/261383078966066?rid=RID-139F668FA6E0", "created_at": "2026-05-20T12:46:35.489Z"}}, {"model": "core.redirectlog", "pk": 26, "fields": {"respondent": 16, "redirect_type": "complete", "redirect_url": "https://vendor.com/complete?rid=RID-139F668FA6E0", "created_at": "2026-05-20T12:47:02.107Z"}}, {"model": "core.redirectlog", "pk": 27, "fields": {"respondent": 17, "redirect_type": "client_survey_start", "redirect_url": "https://form.jotform.com/261383078966066?rid=RID-8630F4490354", "created_at": "2026-05-20T12:47:20.395Z"}}, {"model": "core.redirectlog", "pk": 28, "fields": {"respondent": 17, "redirect_type": "complete", "redirect_url": "https://vendor.com/complete?rid=RID-8630F4490354", "created_at": "2026-05-20T12:47:43.381Z"}}, {"model": "core.redirectlog", "pk": 29, "fields": {"respondent": 18, "redirect_type": "client_survey_start", "redirect_url": "https://form.jotform.com/261383078966066?rid=RID-7F41FEE8C558", "created_at": "2026-05-20T12:47:47.621Z"}}, {"model": "core.redirectlog", "pk": 30, "fields": {"respondent": 18, "redirect_type": "complete", "redirect_url": "https://vendor.com/complete?rid=RID-7F41FEE8C558", "created_at": "2026-05-20T12:48:11.681Z"}}, {"model": "core.redirectlog", "pk": 31, "fields": {"respondent": 19, "redirect_type": "client_survey_start", "redirect_url": "https://form.jotform.com/261383078966066?rid=RID-DAA6AE774E5C", "created_at": "2026-05-20T12:48:26.124Z"}}, {"model": "core.redirectlog", "pk": 32, "fields": {"respondent": 19, "redirect_type": "complete", "redirect_url": "https://vendor.com/complete?rid=RID-DAA6AE774E5C", "created_at": "2026-05-20T12:49:10.447Z"}}, {"model": "core.redirectlog", "pk": 33, "fields": {"respondent": 20, "redirect_type": "quota_full", "redirect_url": "https://vendor.com/quota-full?rid=RID-FCC8A1A64F61", "created_at": "2026-05-20T13:01:14.059Z"}}, {"model": "core.redirectlog", "pk": 34, "fields": {"respondent": 21, "redirect_type": "quota_full", "redirect_url": "https://vendor.com/quota-full?rid=RID-9D119083FA93", "created_at": "2026-05-20T13:29:10.942Z"}}, {"model": "core.redirectlog", "pk": 35, "fields": {"respondent": 22, "redirect_type": "client_survey_start", "redirect_url": "https://form.jotform.com/261383078966066?rid=RID-721A0F428BFE", "created_at": "2026-05-20T13:30:39.304Z"}}, {"model": "core.redirectlog", "pk": 36, "fields": {"respondent": 22, "redirect_type": "complete", "redirect_url": "https://vendor.com/complete?rid=RID-721A0F428BFE", "created_at": "2026-05-20T13:31:05.086Z"}}, {"model": "core.redirectlog", "pk": 37, "fields": {"respondent": 23, "redirect_type": "quota_full", "redirect_url": "https://vendor.com/quota-full?rid=RID-7BA9D4B9BF03", "created_at": "2026-05-20T13:32:02.451Z"}}, {"model": "core.redirectlog", "pk": 38, "fields": {"respondent": 24, "redirect_type": "quota_full", "redirect_url": "", "created_at": "2026-05-20T13:32:32.126Z"}}, {"model": "core.redirectlog", "pk": 39, "fields": {"respondent": 25, "redirect_type": "quota_full", "redirect_url": "", "created_at": "2026-05-21T05:12:18.814Z"}}, {"model": "core.redirectlog", "pk": 40, "fields": {"respondent": 26, "redirect_type": "quota_full", "redirect_url": "", "created_at": "2026-05-21T05:18:53.395Z"}}, {"model": "core.redirectlog", "pk": 41, "fields": {"respondent": 27, "redirect_type": "quota_full", "redirect_url": "", "created_at": "2026-05-21T05:19:46.150Z"}}, {"model": "core.redirectlog", "pk": 42, "fields": {"respondent": 28, "redirect_type": "client_survey_start", "redirect_url": "https://survey.sogolytics.com/r/9Y4Bnc?Q2=RID-5D0492D45EF7", "created_at": "2026-05-21T05:19:52.055Z"}}, {"model": "core.redirectlog", "pk": 43, "fields": {"respondent": 29, "redirect_type": "quota_full", "redirect_url": "https://vendor.com/quota-full?rid=RID-62149594F608", "created_at": "2026-05-21T05:22:38.306Z"}}, {"model": "core.redirectlog", "pk": 44, "fields": {"respondent": 30, "redirect_type": "client_survey_start", "redirect_url": "https://form.jotform.com/261383078966066?rid=RID-EDCD97071B32", "created_at": "2026-05-21T05:24:43.786Z"}}, {"model": "core.redirectlog", "pk": 45, "fields": {"respondent": 30, "redirect_type": "complete", "redirect_url": "landing/complete.html", "created_at": "2026-05-21T05:25:03.262Z"}}, {"model": "core.redirectlog", "pk": 46, "fields": {"respondent": 31, "redirect_type": "quota_full", "redirect_url": "", "created_at": "2026-05-21T05:25:20.613Z"}}, {"model": "core.redirectlog", "pk": 47, "fields": {"respondent": 32, "redirect_type": "quota_full", "redirect_url": "", "created_at": "2026-05-21T05:36:23.901Z"}}, {"model": "core.redirectlog", "pk": 48, "fields": {"respondent": 33, "redirect_type": "quota_full", "redirect_url": "https://vendor.com/quota-full?rid=RID-4C079BC2A0FE", "created_at": "2026-05-21T05:37:41.145Z"}}, {"model": "core.redirectlog", "pk": 49, "fields": {"respondent": 34, "redirect_type": "client_survey_start", "redirect_url": "https://form.jotform.com/261383078966066?rid=RID-1724E1E09FAE", "created_at": "2026-05-21T05:46:33.848Z"}}, {"model": "core.redirectlog", "pk": 50, "fields": {"respondent": 34, "redirect_type": "complete", "redirect_url": "landing/complete.html", "created_at": "2026-05-21T05:47:16.458Z"}}, {"model": "core.redirectlog", "pk": 51, "fields": {"respondent": 35, "redirect_type": "client_survey_start", "redirect_url": "https://form.jotform.com/261383078966066?rid=RID-E5E4D5FDB735", "created_at": "2026-05-21T06:04:55.445Z"}}, {"model": "core.redirectlog", "pk": 52, "fields": {"respondent": 35, "redirect_type": "complete", "redirect_url": "landing/complete.html", "created_at": "2026-05-21T06:05:15.048Z"}}, {"model": "core.redirectlog", "pk": 53, "fields": {"respondent": 36, "redirect_type": "quota_full", "redirect_url": "https://vendor.com/quota-full?rid=RID-65DF311DF25A", "created_at": "2026-05-21T06:05:23.356Z"}}, {"model": "core.redirectlog", "pk": 54, "fields": {"respondent": 37, "redirect_type": "quota_full", "redirect_url": "", "created_at": "2026-05-21T10:23:59.645Z"}}, {"model": "core.redirectlog", "pk": 64, "fields": {"respondent": 43, "redirect_type": "quota_full", "redirect_url": "", "created_at": "2026-05-21T12:02:21.583Z"}}, {"model": "core.redirectlog", "pk": 71, "fields": {"respondent": 45, "redirect_type": "client_survey_start", "redirect_url": "https://form.jotform.com/261383078966066?rid=RID-5B6201C9BD26", "created_at": "2026-05-21T12:48:01.837Z"}}, {"model": "core.redirectlog", "pk": 72, "fields": {"respondent": 45, "redirect_type": "complete", "redirect_url": "landing/complete.html", "created_at": "2026-05-21T12:48:28.652Z"}}, {"model": "core.redirectlog", "pk": 73, "fields": {"respondent": 45, "redirect_type": "terminate", "redirect_url": "landing/terminate.html", "created_at": "2026-05-21T12:49:41.828Z"}}, {"model": "core.redirectlog", "pk": 74, "fields": {"respondent": 46, "redirect_type": "client_survey_start", "redirect_url": "https://form.jotform.com/261383078966066?rid=RID-3AC7F830C342", "created_at": "2026-05-25T05:10:20.473Z"}}, {"model": "core.redirectlog", "pk": 75, "fields": {"respondent": 46, "redirect_type": "complete", "redirect_url": "landing/complete.html", "created_at": "2026-05-25T05:10:53.700Z"}}, {"model": "core.redirectlog", "pk": 76, "fields": {"respondent": 47, "redirect_type": "client_survey_start", "redirect_url": "https://survey.sogolytics.com/r/9Y4Bnc?Q2=RID-BB371AC4B85D", "created_at": "2026-05-25T05:16:31.596Z"}}, {"model": "core.redirectlog", "pk": 77, "fields": {"respondent": 48, "redirect_type": "client_survey_start", "redirect_url": "https://form.jotform.com/261383078966066?rid=RID-F18BC64B3A19", "created_at": "2026-05-25T06:07:58.483Z"}}, {"model": "core.redirectlog", "pk": 78, "fields": {"respondent": 48, "redirect_type": "complete", "redirect_url": "landing/complete.html", "created_at": "2026-05-25T06:08:27.429Z"}}, {"model": "core.redirectlog", "pk": 79, "fields": {"respondent": 49, "redirect_type": "client_survey_start", "redirect_url": "https://form.jotform.com/261383078966066?rid=RID-D176DA14601E", "created_at": "2026-05-25T06:08:47.632Z"}}, {"model": "core.redirectlog", "pk": 80, "fields": {"respondent": 49, "redirect_type": "complete", "redirect_url": "landing/complete.html", "created_at": "2026-05-25T06:09:11.191Z"}}, {"model": "core.redirectlog", "pk": 81, "fields": {"respondent": 50, "redirect_type": "quota_full", "redirect_url": "", "created_at": "2026-05-25T06:09:17.790Z"}}, {"model": "core.redirectlog", "pk": 82, "fields": {"respondent": 51, "redirect_type": "client_survey_start", "redirect_url": "https://form.jotform.com/261383078966066?rid=RID-75D3D14CE7FA", "created_at": "2026-05-25T06:49:12.741Z"}}, {"model": "core.redirectlog", "pk": 83, "fields": {"respondent": 51, "redirect_type": "complete", "redirect_url": "https://vendor2.com/complete?rid=RID-75D3D14CE7FA", "created_at": "2026-05-25T06:49:44.002Z"}}, {"model": "core.redirectlog", "pk": 84, "fields": {"respondent": 52, "redirect_type": "client_survey_start", "redirect_url": "https://form.jotform.com/261383078966066?rid=RID-6ABC698C2FF4", "created_at": "2026-05-25T06:52:03.077Z"}}, {"model": "core.redirectlog", "pk": 85, "fields": {"respondent": 53, "redirect_type": "client_survey_start", "redirect_url": "https://form.jotform.com/261383078966066?rid=RID-5CEFD6A296AC", "created_at": "2026-05-25T06:54:15.803Z"}}, {"model": "core.redirectlog", "pk": 86, "fields": {"respondent": 53, "redirect_type": "terminate", "redirect_url": "https://vendor2.com/terminate?rid=RID-5CEFD6A296AC", "created_at": "2026-05-25T06:54:41.789Z"}}, {"model": "core.redirectlog", "pk": 87, "fields": {"respondent": 54, "redirect_type": "quota_full", "redirect_url": "", "created_at": "2026-05-25T06:55:41.874Z"}}, {"model": "core.redirectlog", "pk": 88, "fields": {"respondent": 55, "redirect_type": "quota_full", "redirect_url": "", "created_at": "2026-05-25T06:56:33.642Z"}}, {"model": "core.redirectlog", "pk": 89, "fields": {"respondent": 56, "redirect_type": "client_survey_start", "redirect_url": "https://form.jotform.com/261383078966066?rid=RID-5CC0B81E4A1A", "created_at": "2026-05-25T06:56:53.383Z"}}, {"model": "core.redirectlog", "pk": 90, "fields": {"respondent": 56, "redirect_type": "complete", "redirect_url": "https://vendor2.com/complete?rid=RID-5CC0B81E4A1A", "created_at": "2026-05-25T06:57:39.137Z"}}, {"model": "core.redirectlog", "pk": 97, "fields": {"respondent": 63, "redirect_type": "client_survey_start", "redirect_url": "https://form.jotform.com/261383078966066?rid=RID-BC358B1D9A5F", "created_at": "2026-05-25T09:52:24.334Z"}}, {"model": "core.redirectlog", "pk": 98, "fields": {"respondent": 63, "redirect_type": "terminate", "redirect_url": "https://vendor2.com/terminate?rid=RID-BC358B1D9A5F", "created_at": "2026-05-25T09:53:05.171Z"}}, {"model": "core.redirectlog", "pk": 99, "fields": {"respondent": 64, "redirect_type": "client_survey_start", "redirect_url": "https://form.jotform.com/261383078966066?rid=RID-CD96ADD2B719", "created_at": "2026-05-25T09:56:20.458Z"}}, {"model": "core.redirectlog", "pk": 100, "fields": {"respondent": 64, "redirect_type": "terminate", "redirect_url": "landing/terminate.html", "created_at": "2026-05-25T09:56:46.262Z"}}, {"model": "core.redirectlog", "pk": 101, "fields": {"respondent": 65, "redirect_type": "client_survey_start", "redirect_url": "https://form.jotform.com/261383078966066?rid=RID-BA33B6820E4E", "created_at": "2026-05-25T10:01:47.241Z"}}, {"model": "core.redirectlog", "pk": 102, "fields": {"respondent": 65, "redirect_type": "complete", "redirect_url": "landing/complete.html", "created_at": "2026-05-25T10:02:16.150Z"}}, {"model": "core.redirectlog", "pk": 103, "fields": {"respondent": 66, "redirect_type": "client_survey_start", "redirect_url": "https://form.jotform.com/261383078966066?rid=RID-2624F31E1A9F", "created_at": "2026-05-25T10:45:43.336Z"}}, {"model": "core.redirectlog", "pk": 104, "fields": {"respondent": 67, "redirect_type": "quota_full", "redirect_url": "", "created_at": "2026-05-25T10:57:27.282Z"}}, {"model": "core.redirectlog", "pk": 105, "fields": {"respondent": 68, "redirect_type": "client_survey_start", "redirect_url": "https://survey.sogolytics.com/r/9Y4Bnc?Q2=RID-7344B5257B1D", "created_at": "2026-05-25T10:58:13.081Z"}}, {"model": "core.redirectlog", "pk": 106, "fields": {"respondent": 69, "redirect_type": "client_survey_start", "redirect_url": "https://survey.sogolytics.com/r/9Y4Bnc?Q2=RID-26690EBC32D1", "created_at": "2026-05-25T11:39:36.113Z"}}, {"model": "core.redirectlog", "pk": 107, "fields": {"respondent": 70, "redirect_type": "client_survey_start", "redirect_url": "https://survey.sogolytics.com/r/9Y4Bnc?ID=RID-09F7D24220EB", "created_at": "2026-05-25T12:33:19.913Z"}}, {"model": "core.redirectlog", "pk": 108, "fields": {"respondent": 71, "redirect_type": "client_survey_start", "redirect_url": "https://survey.sogolytics.com/r/9Y4Bnc?ID=RID-CA001664E262", "created_at": "2026-05-25T12:35:56.982Z"}}, {"model": "core.redirectlog", "pk": 109, "fields": {"respondent": 72, "redirect_type": "client_survey_start", "redirect_url": "https://survey.sogolytics.com/r/9Y4Bnc?ID=RID-80BC5682B757", "created_at": "2026-05-25T12:36:10.491Z"}}, {"model": "core.redirectlog", "pk": 110, "fields": {"respondent": 73, "redirect_type": "client_survey_start", "redirect_url": "https://survey.sogolytics.com/r/9Y4Bnc?ID=RID-A84738EA1E4C", "created_at": "2026-05-25T12:41:19.148Z"}}, {"model": "core.redirectlog", "pk": 111, "fields": {"respondent": 74, "redirect_type": "client_survey_start", "redirect_url": "https://survey.sogolytics.com/r/9Y4Bnc?ID=RID-27E5053846C9", "created_at": "2026-05-25T12:44:34.543Z"}}, {"model": "core.redirectlog", "pk": 112, "fields": {"respondent": 75, "redirect_type": "client_survey_start", "redirect_url": "https://survey.sogolytics.com/r/9Y4Bnc&Q2=RID-2C03564AC63C", "created_at": "2026-05-25T13:07:41.417Z"}}, {"model": "core.redirectlog", "pk": 113, "fields": {"respondent": 76, "redirect_type": "client_survey_start", "redirect_url": "https://survey.sogolytics.com/r/9Y4Bnc&Q2=RID-DE08DEF6C001", "created_at": "2026-05-25T13:09:19.695Z"}}, {"model": "core.redirectlog", "pk": 114, "fields": {"respondent": 77, "redirect_type": "client_survey_start", "redirect_url": "https://survey.sogolytics.com/r/9Y4Bnc?Q2=RID-EF8A36DB26B0", "created_at": "2026-05-25T13:13:45.493Z"}}, {"model": "core.redirectlog", "pk": 115, "fields": {"respondent": 78, "redirect_type": "client_survey_start", "redirect_url": "https://form.jotform.com/261383078966066?rid=RID-3F74931BF6E3", "created_at": "2026-05-25T13:27:25.720Z"}}, {"model": "core.redirectlog", "pk": 116, "fields": {"respondent": 78, "redirect_type": "complete", "redirect_url": "landing/complete.html", "created_at": "2026-05-25T13:28:00.954Z"}}, {"model": "core.redirectlog", "pk": 117, "fields": {"respondent": 79, "redirect_type": "client_survey_start", "redirect_url": "https://form.jotform.com/261383078966066?rid=RID-36677D1272BD", "created_at": "2026-05-25T13:54:45.580Z"}}, {"model": "core.redirectlog", "pk": 118, "fields": {"respondent": 79, "redirect_type": "complete", "redirect_url": "landing/complete.html", "created_at": "2026-05-25T13:55:17.258Z"}}, {"model": "core.redirectlog", "pk": 119, "fields": {"respondent": 80, "redirect_type": "client_survey_start", "redirect_url": "https://form.jotform.com/261383078966066?rid=RID-0FA5F6333744", "created_at": "2026-05-25T13:59:36.105Z"}}, {"model": "core.redirectlog", "pk": 120, "fields": {"respondent": 80, "redirect_type": "terminate", "redirect_url": "landing/terminate.html", "created_at": "2026-05-25T14:01:02.452Z"}}, {"model": "core.redirectlog", "pk": 121, "fields": {"respondent": 81, "redirect_type": "client_survey_start", "redirect_url": "https://form.jotform.com/261383078966066?rid=RID-93D25A035311", "created_at": "2026-05-27T06:55:33.552Z"}}, {"model": "core.redirectlog", "pk": 122, "fields": {"respondent": 81, "redirect_type": "terminate", "redirect_url": "landing/terminate.html", "created_at": "2026-05-27T06:55:55.141Z"}}, {"model": "core.redirectlog", "pk": 123, "fields": {"respondent": 82, "redirect_type": "client_survey_start", "redirect_url": "https://form.jotform.com/261383078966066?rid=RID-7F64A869F96E", "created_at": "2026-05-27T07:08:19.181Z"}}, {"model": "core.redirectlog", "pk": 124, "fields": {"respondent": 82, "redirect_type": "complete", "redirect_url": "landing/complete.html", "created_at": "2026-05-27T07:08:41.095Z"}}, {"model": "core.redirectlog", "pk": 125, "fields": {"respondent": 83, "redirect_type": "quota_full", "redirect_url": "", "created_at": "2026-05-27T07:40:13.456Z"}}, {"model": "core.redirectlog", "pk": 126, "fields": {"respondent": 84, "redirect_type": "quota_full", "redirect_url": "", "created_at": "2026-05-27T13:30:41.735Z"}}, {"model": "core.redirectlog", "pk": 127, "fields": {"respondent": 85, "redirect_type": "client_survey_start", "redirect_url": "https://form.jotform.com/261383078966066?rid=RID-0913427CE2AE", "created_at": "2026-05-27T13:32:57.739Z"}}, {"model": "core.redirectlog", "pk": 128, "fields": {"respondent": 86, "redirect_type": "client_survey_start", "redirect_url": "https://form.jotform.com/261383078966066?rid=RID-D366ACF1057E", "created_at": "2026-05-28T05:07:36.677Z"}}, {"model": "core.redirectlog", "pk": 129, "fields": {"respondent": 87, "redirect_type": "client_survey_start", "redirect_url": "https://form.jotform.com/261383078966066?rid=RID-317C7FD367DC", "created_at": "2026-05-28T09:54:59.769Z"}}, {"model": "core.redirectlog", "pk": 130, "fields": {"respondent": 87, "redirect_type": "complete", "redirect_url": "https://vendor2.com/complete?rid=RID-317C7FD367DC", "created_at": "2026-05-28T09:55:19.967Z"}}, {"model": "core.redirectlog", "pk": 131, "fields": {"respondent": 88, "redirect_type": "client_survey_start", "redirect_url": "https://form.jotform.com/261383078966066?rid=RID-411EF0A8AE13", "created_at": "2026-05-28T10:31:46.989Z"}}, {"model": "core.redirectlog", "pk": 132, "fields": {"respondent": 88, "redirect_type": "complete", "redirect_url": "landing/complete.html", "created_at": "2026-05-28T10:33:22.849Z"}}, {"model": "core.redirectlog", "pk": 133, "fields": {"respondent": 89, "redirect_type": "client_survey_start", "redirect_url": "https://form.jotform.com/261383078966066?rid=RID-5893FF51C7D9", "created_at": "2026-05-28T10:58:42.287Z"}}, {"model": "core.redirectlog", "pk": 134, "fields": {"respondent": 89, "redirect_type": "complete", "redirect_url": "https://example.com/complete?pid=VEN999", "created_at": "2026-05-28T11:00:37.200Z"}}, {"model": "core.redirectlog", "pk": 135, "fields": {"respondent": 90, "redirect_type": "client_survey_start", "redirect_url": "https://form.jotform.com/261383078966066?rid=RID-93889295D30D", "created_at": "2026-05-28T11:08:27.558Z"}}, {"model": "core.redirectlog", "pk": 136, "fields": {"respondent": 90, "redirect_type": "complete", "redirect_url": "https://example.com/complete?pid=VEN999", "created_at": "2026-05-28T11:10:12.730Z"}}, {"model": "core.redirectlog", "pk": 137, "fields": {"respondent": 90, "redirect_type": "s2s_complete", "redirect_url": "http://backwater-muster-repayment.ngrok-free.dev/api/s2s/process/?pid=RID-93889295D30D&status_id=1&token=8a971e5220320e2a5d79953ee0ac10342d268c271dacb87b510898cbbcbc9d311d90cdb2eaa2f39183470db58faf367c27bdec4cc7ed20bb5c33eddd8e198e68", "created_at": "2026-05-28T11:19:31.893Z"}}, {"model": "core.redirectlog", "pk": 138, "fields": {"respondent": 91, "redirect_type": "client_survey_start", "redirect_url": "https://form.jotform.com/261383078966066?rid=RID-4D0331270839", "created_at": "2026-05-29T05:24:20.496Z"}}, {"model": "core.redirectlog", "pk": 139, "fields": {"respondent": 91, "redirect_type": "terminate", "redirect_url": "https://example.com/terminate?pid=", "created_at": "2026-05-29T05:24:38.394Z"}}, {"model": "core.redirectlog", "pk": 140, "fields": {"respondent": 92, "redirect_type": "client_survey_start", "redirect_url": "https://form.jotform.com/261383078966066?rid=RID-4C25D20724B4", "created_at": "2026-05-29T05:24:52.912Z"}}, {"model": "core.redirectlog", "pk": 141, "fields": {"respondent": 92, "redirect_type": "complete", "redirect_url": "https://example.com/complete?pid=", "created_at": "2026-05-29T05:25:11.487Z"}}, {"model": "core.redirectlog", "pk": 142, "fields": {"respondent": 93, "redirect_type": "client_survey_start", "redirect_url": "https://form.jotform.com/261383078966066?rid=RID-C29C4C08F3C6", "created_at": "2026-05-29T05:27:18.568Z"}}, {"model": "core.redirectlog", "pk": 143, "fields": {"respondent": 93, "redirect_type": "complete", "redirect_url": "https://example.com/complete?pid=", "created_at": "2026-05-29T05:27:37.884Z"}}, {"model": "core.redirectlog", "pk": 144, "fields": {"respondent": 94, "redirect_type": "client_survey_start", "redirect_url": "https://form.jotform.com/261383078966066?rid=RID-8E1A18F4A696", "created_at": "2026-05-29T05:30:17.351Z"}}, {"model": "core.redirectlog", "pk": 145, "fields": {"respondent": 94, "redirect_type": "complete", "redirect_url": "https://example.com/complete?pid=", "created_at": "2026-05-29T05:30:37.100Z"}}, {"model": "core.redirectlog", "pk": 146, "fields": {"respondent": 95, "redirect_type": "client_survey_start", "redirect_url": "https://form.jotform.com/261383078966066?rid=RID-0E38D8AE19EC", "created_at": "2026-05-29T05:37:46.286Z"}}, {"model": "core.redirectlog", "pk": 147, "fields": {"respondent": 95, "redirect_type": "complete", "redirect_url": "https://example.com/complete?pid=VEN999", "created_at": "2026-05-29T05:38:06.184Z"}}, {"model": "core.redirectlog", "pk": 148, "fields": {"respondent": 96, "redirect_type": "client_survey_start", "redirect_url": "https://form.jotform.com/261383078966066?rid=RID-2332A562F951", "created_at": "2026-05-29T05:58:56.998Z"}}, {"model": "core.redirectlog", "pk": 149, "fields": {"respondent": 97, "redirect_type": "client_survey_start", "redirect_url": "https://form.jotform.com/261383078966066?rid=RID-E7E4F46FC479", "created_at": "2026-05-29T05:59:24.544Z"}}, {"model": "core.redirectlog", "pk": 150, "fields": {"respondent": 97, "redirect_type": "complete", "redirect_url": "https://vendor2.com/complete?rid=RID-E7E4F46FC479", "created_at": "2026-05-29T05:59:44.995Z"}}, {"model": "core.redirectlog", "pk": 151, "fields": {"respondent": 98, "redirect_type": "client_survey_start", "redirect_url": "https://form.jotform.com/261383078966066?rid=RID-CA3583C4ECD5", "created_at": "2026-05-29T06:01:19.401Z"}}, {"model": "core.redirectlog", "pk": 152, "fields": {"respondent": 98, "redirect_type": "complete", "redirect_url": "https://example.com/complete?pid=VEN999", "created_at": "2026-05-29T06:01:39.079Z"}}, {"model": "core.redirectlog", "pk": 153, "fields": {"respondent": 99, "redirect_type": "client_survey_start", "redirect_url": "https://form.jotform.com/261383078966066?rid=RID-4A38F47D9C4C", "created_at": "2026-05-29T11:56:03.507Z"}}, {"model": "core.redirectlog", "pk": 154, "fields": {"respondent": 99, "redirect_type": "complete", "redirect_url": "https://vendorpanel.com/complete?pid=RID-4A38F47D9C4C", "created_at": "2026-05-29T11:57:00.918Z"}}, {"model": "core.redirectlog", "pk": 155, "fields": {"respondent": 100, "redirect_type": "client_survey_start", "redirect_url": "https://form.jotform.com/261383078966066?rid=RID-B2455764049B", "created_at": "2026-05-29T11:59:11.245Z"}}, {"model": "core.redirectlog", "pk": 156, "fields": {"respondent": 100, "redirect_type": "terminate", "redirect_url": "https://vendorpanel.com/terminate?pid=RID-B2455764049B", "created_at": "2026-05-29T11:59:31.026Z"}}, {"model": "core.redirectlog", "pk": 157, "fields": {"respondent": 101, "redirect_type": "client_survey_start", "redirect_url": "https://form.jotform.com/261383078966066?rid=RID-61CE8D902B16", "created_at": "2026-05-29T12:00:43.251Z"}}, {"model": "core.redirectlog", "pk": 158, "fields": {"respondent": 101, "redirect_type": "complete", "redirect_url": "https://vendorpanel.com/complete?pid=RID-61CE8D902B16", "created_at": "2026-05-29T12:01:03.811Z"}}, {"model": "core.redirectlog", "pk": 159, "fields": {"respondent": 102, "redirect_type": "client_survey_start", "redirect_url": "https://form.jotform.com/261383078966066?rid=RID-8DEAD6F7344E", "created_at": "2026-05-29T12:05:05.695Z"}}, {"model": "core.redirectlog", "pk": 160, "fields": {"respondent": 102, "redirect_type": "complete", "redirect_url": "https://vendorpanel.com/complete?pid=RID-8DEAD6F7344E", "created_at": "2026-05-29T12:05:23.934Z"}}, {"model": "core.redirectlog", "pk": 161, "fields": {"respondent": 103, "redirect_type": "quota_full", "redirect_url": "https://vendorpanel.com/quota-full?pid=RID-586C2585E14B", "created_at": "2026-05-29T12:08:27.211Z"}}, {"model": "core.redirectlog", "pk": 162, "fields": {"respondent": 104, "redirect_type": "client_survey_start", "redirect_url": "https://form.jotform.com/261383078966066?rid=RID-176576E509C3", "created_at": "2026-05-29T12:09:46.571Z"}}, {"model": "core.redirectlog", "pk": 163, "fields": {"respondent": 104, "redirect_type": "terminate", "redirect_url": "https://example.com/terminate?pid=", "created_at": "2026-05-29T12:10:10.278Z"}}, {"model": "core.redirectlog", "pk": 164, "fields": {"respondent": 105, "redirect_type": "client_survey_start", "redirect_url": "https://form.jotform.com/261383078966066?rid=RID-0918F41AEDFA", "created_at": "2026-05-29T12:10:59.053Z"}}, {"model": "core.redirectlog", "pk": 165, "fields": {"respondent": 105, "redirect_type": "complete", "redirect_url": "https://example.com/complete?pid=VEN002", "created_at": "2026-05-29T12:11:18.515Z"}}, {"model": "core.redirectlog", "pk": 166, "fields": {"respondent": 106, "redirect_type": "quota_full", "redirect_url": "https://vendorpanel.com/quota-full?pid=RID-64A09B3413B5", "created_at": "2026-06-01T05:41:50.939Z"}}, {"model": "core.redirectlog", "pk": 167, "fields": {"respondent": 107, "redirect_type": "client_survey_start", "redirect_url": "https://form.jotform.com/261383078966066?rid=RID-BF3A0B47D5D5", "created_at": "2026-06-01T05:42:14.312Z"}}, {"model": "core.redirectlog", "pk": 168, "fields": {"respondent": 107, "redirect_type": "complete", "redirect_url": "https://example.com/complete?pid=", "created_at": "2026-06-01T05:54:06.962Z"}}, {"model": "core.redirectlog", "pk": 169, "fields": {"respondent": 108, "redirect_type": "client_survey_start", "redirect_url": "https://form.jotform.com/261383078966066?rid=RID-98ADFDF5FEF1", "created_at": "2026-06-01T06:00:05.041Z"}}, {"model": "core.redirectlog", "pk": 170, "fields": {"respondent": 108, "redirect_type": "terminate", "redirect_url": "https://example.com/terminate?pid=", "created_at": "2026-06-01T06:01:44.858Z"}}, {"model": "core.redirectlog", "pk": 171, "fields": {"respondent": 109, "redirect_type": "client_survey_start", "redirect_url": "https://form.jotform.com/261383078966066?rid=RID-94F83E71818C", "created_at": "2026-06-01T10:18:52.381Z"}}, {"model": "core.redirectlog", "pk": 172, "fields": {"respondent": 109, "redirect_type": "s2s_complete", "redirect_url": "http://backwater-muster-repayment.ngrok-free.dev/api/s2s/process/?pid=RID-94F83E71818C&status_id=1&token=06e635557a1f70c25feda5c12cab9cf2c0d208691f16baf2011b458a435f3392", "created_at": "2026-06-01T10:19:12.412Z"}}]